population,label,feature,count,mean,sample_std,minimum,q1,median,q3,maximum
full_labelled_sample,1,certainty_score,120,1.502297212777918,1.3822944044639343,0.0,0.28195488721804507,1.2725358954982187,2.346047794117647,6.382978723404255
full_labelled_sample,1,hedge_score,120,2.7595073698227424,1.7508229788485739,0.0,1.563366925924805,2.5032073276247875,3.735949417904456,9.195402298850574
full_labelled_sample,1,likes_within_platform_percentile,120,0.42834362185870606,0.28727557862610414,0.002016128972172737,0.187242791056633,0.36661605536937714,0.6584362387657166,0.9979838728904724
full_labelled_sample,1,comments_within_platform_percentile,120,0.43942355033941566,0.2926160928223563,0.006048386916518211,0.10534689202904701,0.3827160596847534,0.7057613134384155,0.9858871102333069
full_labelled_sample,1,views_within_platform_percentile,120,0.443553779454669,0.2834125792392313,0.002057613106444478,0.20679011940956116,0.4156378507614136,0.673868328332901,0.9979838728904724
full_labelled_sample,1,duration_sec_within_platform_percentile,120,0.48807904470401503,0.2846553684445322,0.002016128972172737,0.22427983209490776,0.46296295523643494,0.7380982041358948,0.9732510447502136
full_labelled_sample,2,certainty_score,58,1.4294156914614593,1.210386170810455,0.0,0.5482625482625483,1.2384019630396441,2.1741036205838524,4.918032786885246
full_labelled_sample,2,hedge_score,58,2.2079146817588513,1.816125174165161,0.0,0.8870681232791544,1.9950248756218905,3.097186333620442,11.0
full_labelled_sample,2,likes_within_platform_percentile,58,0.5198684697970748,0.31079316440904037,0.01411290280520916,0.21399176865816116,0.5432098507881165,0.7479424029588699,0.9979423880577087
full_labelled_sample,2,comments_within_platform_percentile,58,0.5089939033355693,0.30308639422210737,0.006048386916518211,0.22633744776248932,0.5325691998004913,0.7386831045150757,0.9979423880577087
full_labelled_sample,2,views_within_platform_percentile,58,0.5115147118520891,0.31258405000127376,0.01440329197794199,0.20884773880243301,0.5576131641864777,0.7798354029655457,0.9979423880577087
full_labelled_sample,2,duration_sec_within_platform_percentile,58,0.548168372061778,0.2823369079955464,0.002057613106444478,0.3333333432674408,0.5617283880710602,0.7772633880376816,0.9938271641731262
full_labelled_sample,3,certainty_score,147,1.6295572371303357,1.1904883067731356,0.0,0.6711711711711712,1.4705882352941178,2.4023125996810206,6.25
full_labelled_sample,3,hedge_score,147,1.9967230031240772,1.4330774989048265,0.0,1.0459908236836355,1.8633540372670807,2.837022132796781,9.195402298850574
full_labelled_sample,3,likes_within_platform_percentile,147,0.5433331444530057,0.28226104650369693,0.006048386916518211,0.3177311420440674,0.5576131939888,0.7842368483543396,0.9938271641731262
full_labelled_sample,3,comments_within_platform_percentile,147,0.5369288955821472,0.27016485214566727,0.006048386916518211,0.33295583724975586,0.5463709831237793,0.7701612710952759,0.9938271641731262
full_labelled_sample,3,views_within_platform_percentile,147,0.5339422080044945,0.28361224749189756,0.010288066230714321,0.27419355511665344,0.5534979701042175,0.7840294539928436,0.9938271641731262
full_labelled_sample,3,duration_sec_within_platform_percentile,147,0.501990336151857,0.2829762215765641,0.012345679104328156,0.2739488035440445,0.47379031777381897,0.7308467626571655,0.9979423880577087
full_labelled_sample,4,certainty_score,166,1.7096683289649617,1.3919610138383787,0.0,0.734012419653557,1.4881084193276939,2.2870333339129525,6.8493150684931505
full_labelled_sample,4,hedge_score,166,2.034707402554736,1.3826613250169357,0.0,1.0275438846867417,1.7785325882299778,2.7567547112692043,7.079646017699115
full_labelled_sample,4,likes_within_platform_percentile,166,0.5064844689724675,0.2810377388284055,0.010080644860863686,0.2651209607720375,0.5181451439857483,0.7419354915618896,0.9939516186714172
full_labelled_sample,4,comments_within_platform_percentile,166,0.5079456611974053,0.29135592927827747,0.016129031777381897,0.24495968222618103,0.49997925758361816,0.7631048262119293,0.9979838728904724
full_labelled_sample,4,views_within_platform_percentile,166,0.5067240276138287,0.28579270750117813,0.002016128972172737,0.2782258093357086,0.5120967626571655,0.7461730688810349,0.9939516186714172
full_labelled_sample,4,duration_sec_within_platform_percentile,166,0.49002511386411735,0.2999208287086241,0.008064515888690948,0.21421371400356293,0.4969758093357086,0.7615927308797836,0.9939516186714172
training_only,1,certainty_score,96,1.4370891677769417,1.367798855538273,0.0,0.0,1.2632082831004894,2.320041546242775,6.382978723404255
training_only,1,hedge_score,96,2.7662544863399567,1.7373675623684863,0.0,1.563366925924805,2.4465060601526263,3.7825696316262354,9.195402298850574
training_only,1,likes_within_platform_percentile,96,0.4310377175109655,0.295900590964026,0.0025252525229007006,0.17719071730971336,0.3711340129375458,0.6688144356012344,0.997474730014801
training_only,1,comments_within_platform_percentile,96,0.43463414009602275,0.29802220780328104,0.005050505045801401,0.10567010194063187,0.37628865242004395,0.6978092640638351,0.9871134161949158
training_only,1,views_within_platform_percentile,96,0.44191431100140716,0.2904029127388345,0.002577319508418441,0.1920103058218956,0.40721650421619415,0.6662371307611465,0.997474730014801
training_only,1,duration_sec_within_platform_percentile,96,0.4907890106042032,0.28512567006496475,0.0025252525229007006,0.22422680258750916,0.4664948582649231,0.755154624581337,0.9716494679450989
training_only,2,certainty_score,46,1.3831945453134997,1.1795150410748763,0.0,0.5482625482625483,1.2345679012345678,2.015151515151515,4.918032786885246
training_only,2,hedge_score,46,2.3984278811803925,1.924731729073136,0.0,1.0934434270765205,2.3233171059258018,3.1201475155279503,11.0
training_only,2,likes_within_platform_percentile,46,0.5299996873768775,0.30950125315084037,0.017676766961812973,0.25773195922374725,0.5798969268798828,0.7719072252511978,0.9974226951599121
training_only,2,comments_within_platform_percentile,46,0.5243006062430694,0.2996990696137181,0.005050505045801401,0.2511064261198044,0.561855673789978,0.7577319443225861,0.9974226951599121
training_only,2,views_within_platform_percentile,46,0.5258150770045493,0.31061360884794886,0.018041236326098442,0.22422680258750916,0.5721649527549744,0.7693298906087875,0.9974226951599121
training_only,2,duration_sec_within_platform_percentile,46,0.5455807514600051,0.26907935140645,0.002577319508418441,0.3633825406432152,0.5502577424049377,0.7158505022525787,0.9922680258750916
training_only,3,certainty_score,117,1.6413029967614639,1.2102453981157943,0.0,0.6756756756756757,1.4981273408239701,2.412280701754386,6.25
training_only,3,hedge_score,117,2.044962424092578,1.4770596555016828,0.0,1.1049723756906078,1.875,2.880658436213992,9.195402298850574
training_only,3,likes_within_platform_percentile,117,0.5431713824375317,0.27923199076063454,0.007575757801532745,0.32216495275497437,0.5438144207000732,0.7702020406723022,0.9922680258750916
training_only,3,comments_within_platform_percentile,117,0.5407473702843373,0.26513810792074843,0.022727273404598236,0.34090909361839294,0.5277777910232544,0.7702020406723022,0.9922680258750916
training_only,3,views_within_platform_percentile,117,0.5343217625497625,0.2834332530066291,0.012886597774922848,0.280927836894989,0.5429292917251587,0.780927836894989,0.9922680258750916
training_only,3,duration_sec_within_platform_percentile,117,0.5000460629040996,0.2877734620381683,0.01262626238167286,0.26030927896499634,0.4510309398174286,0.7348484992980957,0.9974226951599121
training_only,4,certainty_score,133,1.6725684376893957,1.4340136430602313,0.0,0.6896551724137931,1.3953488372093024,2.183406113537118,6.8493150684931505
training_only,4,hedge_score,133,1.989879184518875,1.301600732350629,0.0,1.0204081632653061,1.7857142857142858,2.73972602739726,6.0109289617486334
training_only,4,likes_within_platform_percentile,133,0.5014236224745225,0.2789526770767201,0.01262626238167286,0.25505051016807556,0.5176767706871033,0.7398989796638489,0.9924242496490479
training_only,4,comments_within_platform_percentile,133,0.5029312173338761,0.29182410025614697,0.01515151560306549,0.2348484843969345,0.502525269985199,0.7601010203361511,0.997474730014801
training_only,4,views_within_platform_percentile,133,0.5028051616557475,0.28203073133610435,0.0025252525229007006,0.280303031206131,0.5176767706871033,0.7297979593276978,0.9924242496490479
training_only,4,duration_sec_within_platform_percentile,133,0.49084324498233717,0.3007357275113393,0.007575757801532745,0.21464645862579346,0.502525269985199,0.7626262903213501,0.9924242496490479
