row_index,label,certainty_score,hedge_score,likes_within_platform_percentile,comments_within_platform_percentile,views_within_platform_percentile,duration_sec_within_platform_percentile,record_id,platform,content_group
0,1,1.0416666666666667,5.208333333333333,0.80452675,0.7921811,0.7921811,0.1563786,youtube:000000,youtube,bb04d324287a51bd0b1b06ce7375345f88037bfcef30d44cfbac1f93112fc6bb
1,3,0.0,1.0050251256281406,0.99382716,0.98971194,0.99382716,0.7057613,youtube:000001,youtube,e4fb08cd7cce4b7b303022f52b7586e0dbe0f0b9e2e1ee9a1ef4b02b2c0b6053
2,4,1.9900497512437811,1.492537313432836,0.95679015,0.9691358,0.9650206,0.82510287,youtube:000002,youtube,b2c7f726f579fcfa20d18f1d131a90a4ef1e36908fea79613a86235fdcb30e67
3,2,1.4423076923076923,1.9230769230769231,0.72633743,0.7201646,0.68106997,0.63786006,youtube:000003,youtube,05ccabf0e365ec35c043fcebd30504e4c7ee717201658de53e5a1e3f715de40f
4,3,0.5952380952380952,4.761904761904762,0.9238683,0.95679015,0.91563785,0.46296296,youtube:000004,youtube,7df0754605b14264335bfa160fc0731aa1af5189c77196b1d6352f7f8a01cad7
5,1,2.0833333333333335,0.0,0.94855964,0.9526749,0.98971194,0.0061728396,youtube:000005,youtube,c818b377d04150b14674c05a42e442af3938e461d40da145032478fddc17f446
6,4,2.824858757062147,2.824858757062147,0.9197531,0.94855964,0.9032922,0.82510287,youtube:000006,youtube,42003d628d02818f5bbd57a90eb88cf41e00ee2c90b59f0237aaccca6be7eabe
7,2,2.0202020202020203,4.545454545454546,0.9979424,0.9979424,0.9979424,0.63786006,youtube:000007,youtube,6238892477cec59186ed0dfaa131456106263181986544bf8cecc8da30057bd7
8,1,0.0,5.454545454545454,0.9444444,0.97325104,0.9814815,0.18518518,youtube:000008,youtube,33a9f433f9d590de53d8dd4cc190cfc1cb60ae944a084f90dbf762e9459cd909
9,2,1.2422360248447204,1.8633540372670807,0.9855967,0.9609054,0.97325104,0.3580247,youtube:000009,youtube,959bb991d6e37ac905c1119db480f7d46f4d05df74dfe48ee7a853f6baaba9ff
10,4,3.125,2.6041666666666665,0.86213994,0.9197531,0.84156376,0.7962963,youtube:000010,youtube,a7022e56b330007c4141618f2cab23f3a3f1c1931b07dd5302d8daa2408c763c
11,2,0.984251968503937,0.5905511811023622,0.42592594,0.48765433,0.33539096,0.9526749,youtube:000011,youtube,be03c01e58d1fff591e5bcf82baab1526fad63afdac15fbb0fbbcabcf3528513
12,1,0.0,5.142857142857143,0.38065845,0.46296296,0.5205761,0.63786006,youtube:000012,youtube,859c04be4bdcfa5871bfceea1a8fbb7944850da1af1a2eafdabaa8a362644264
13,2,1.2345679012345678,3.0864197530864197,0.8580247,0.8868313,0.89506173,0.63786006,youtube:000013,youtube,d65fd655575f1c69d900e4cc9216675865dad719375175d523165757b2380b8f
14,2,0.6211180124223602,2.484472049689441,0.9403292,0.9444444,0.95679015,0.63786006,youtube:000014,youtube,4eb3ecd07d6779ae1583c82ceb6b21732be5de9f14b9dd20a9b249387f82c8c7
15,1,2.459016393442623,0.0,0.1090535,0.100823045,0.07613169,0.5781893,youtube:000015,youtube,9aa8896d7d653d4a9388ce05b4efc2701acc08ab46199d1f3d540e2ed177197b
16,2,3.110047846889952,1.674641148325359,0.43004116,0.42592594,0.2983539,0.9691358,youtube:000016,youtube,de9c3e3c8441f34423db4487cef26abbccaa03f64cc95ad1c80c784ce4e0c122
17,1,0.7692307692307693,1.9230769230769231,0.29012346,0.34773663,0.17901234,0.63786006,youtube:000017,youtube,c266c84d3f02ec52212aea54fc668cb447a5ad8032d5ed3ce84387087b04c0cc
18,1,2.3076923076923075,2.3076923076923075,0.1255144,0.100823045,0.043209877,0.37242797,youtube:000018,youtube,3030adfdc9747e8dee7ca8499cfc9119d4e7071ce01a4a26754124906b8a30c9
19,1,0.0,0.0,0.6851852,0.6563786,0.7798354,0.08436214,youtube:000019,youtube,6f70682061e6506fe361d80c30a2400f28c55267ee949f5c6c61e4a71ca3dc22
20,1,0.0,2.032520325203252,0.8539095,0.86213994,0.82510287,0.9218107,youtube:000020,youtube,fa131a4f52e7d49ec0fb08b3b901a5e962e85529e07a4a0af725132fce189f03
21,1,0.0,9.195402298850574,0.93621397,0.93209875,0.93621397,0.06995885,youtube:000021,youtube,450d1f9d6aba9d81d8d8e3d05745006b1f8a524a28c5b6a54f87da33b9befc9a
22,3,2.857142857142857,2.857142857142857,0.9814815,0.9403292,0.97736627,0.18518518,youtube:000022,youtube,f25eb83064979edcf450402e5cc0c38400f7d099dc0e73a4511ad73475287bf0
23,3,2.0833333333333335,1.7361111111111112,0.9691358,0.9650206,0.9403292,0.9279835,youtube:000023,youtube,30a57845a851051ea616eaf01fc02d353b92d84800a1826189d26551af7ff3c5
24,2,1.3071895424836601,4.57516339869281,0.9526749,0.93621397,0.9526749,0.63786006,youtube:000024,youtube,87db6e80b573cf1ea93f2ec1889a1b99c23bc0f62d068726932d03aa3b1dc854
25,1,1.3333333333333333,4.0,0.6316872,0.54526746,0.52469134,0.46296296,youtube:000025,youtube,e927efe2ebe12054b22df7e25d01676246fe0d59a66d5b6923d25cb882a20aa9
26,1,2.70935960591133,3.2019704433497536,0.4711934,0.43209878,0.4341564,0.97325104,youtube:000026,youtube,ce24ee45dadc1e9a2516725dfb951eacb328e433d31f8b79787600534c3a1d4a
27,1,5.063291139240507,0.0,0.22222222,0.100823045,0.2654321,0.24691358,youtube:000027,youtube,d0dfbc1ca174f6564f7ab5792692843bcef547b7d6be9b4127feea1753e97f50
28,3,2.2099447513812156,1.1049723756906078,0.34773663,0.36625513,0.24074075,0.5781893,youtube:000028,youtube,0c62d88e126960c3934d6d024e2c48a0dbe4532fe73b141962c737f9bc6058d6
29,2,0.0,1.639344262295082,0.6563786,0.60082304,0.5946502,0.54526746,youtube:000029,youtube,6e9e137fc48ed2d179126dc51c6c84abcee50118d43b4eaa8439b92c2fc78476
30,4,0.0,3.5398230088495577,0.5123457,0.4526749,0.47530866,0.54526746,youtube:000030,youtube,bf416c9e8ad86d8e744c489e6fcf4afa65186d15cf27909213285443ced39249
31,1,0.0,4.4692737430167595,0.23045267,0.22633745,0.28189301,0.909465,youtube:000031,youtube,a3c10088eccf39e6943f0947e2d308b7cdc30adae0491e38ded8fecb808fc5b5
32,1,0.6451612903225806,1.2903225806451613,0.39300412,0.58436215,0.49176955,0.22839506,youtube:000032,youtube,b0dc902bcbd8c6ef136a42712109816507d2b24a33e3bdcac575b5c9c2e5e697
33,1,0.0,6.172839506172839,0.7798354,0.82098764,0.80452675,0.21193415,youtube:000033,youtube,5e7ed648fccdb11e7d6cfe26faf33db7dc3b6ae282fa29e3fcb6f7270c23a9d2
34,3,0.5952380952380952,2.9761904761904763,0.6646091,0.62139916,0.55349797,0.50617284,youtube:000034,youtube,0c00ad69747e9b6b38d2eaec8e052f60c3cded5bc403e0a55a732b7042dffce8
35,1,2.504816955684008,1.5414258188824663,0.40946501,0.30246913,0.2777778,0.9650206,youtube:000035,youtube,53425924bf85e9af5ace7c17ab6f8cdabcc5ff56d1220541a6f086ffdddb464d
36,1,3.10077519379845,1.1627906976744187,0.9609054,0.9855967,0.9609054,0.89917696,youtube:000036,youtube,c3123ed9f931966ab1a8e2af0287191d738c95bf0858b8d8db7c8c1ee4ae4b0e
37,3,3.8461538461538463,1.9230769230769231,0.24074075,0.100823045,0.24485597,0.037037037,youtube:000037,youtube,8d1a23e2910c9293bec8e35949a684ddb9fcc99b7d2818537cb2c7568c2d659e
38,2,0.823045267489712,0.823045267489712,0.54115224,0.52469134,0.5781893,0.63786006,youtube:000038,youtube,ee4794d63a3074c34d1b8c51c51158864d9ecd27a6a28872f0f81884f9489998
39,3,2.3923444976076556,2.3923444976076556,0.32304525,0.6111111,0.5164609,0.50617284,youtube:000039,youtube,5c43705e035eb0bd1ca63cf3972e36fa8c3ef809b932d65b87f2b44fccd552e1
40,4,1.9801980198019802,0.9900990099009901,0.18724279,0.54526746,0.16255145,0.012345679,youtube:000040,youtube,ff647feea5c6b83ed9b68e10d659e119af75a68a04df92bf68a2641b0bf0b302
41,4,4.2105263157894735,3.1578947368421053,0.41358024,0.8312757,0.43004116,0.48971194,youtube:000041,youtube,ed8e9ac918944a8e4eebaea1095aeb5669a1db4560d0a4d672625f2c53f7d4af
42,1,1.6216216216216217,0.5405405405405406,0.1255144,0.2674897,0.12139918,0.7057613,youtube:000042,youtube,76a84b1a94a210d54131137d6af7759d262e0f3858b3bbe140b810773ed6e3d6
43,1,0.6451612903225806,5.161290322580645,0.46296296,0.48765433,0.32304525,0.54526746,youtube:000043,youtube,15fd192a1ce1b23d883c7832e321669548b3660d8f17810ebb818317ee201c5d
44,1,0.9523809523809523,5.714285714285714,0.6111111,0.47325101,0.56995887,0.17283951,youtube:000044,youtube,580dae6f5034f5502349ef3ba8d48a6d1a8838966ce6431d42cf7b752ead04be
45,1,2.6737967914438503,2.1390374331550803,0.6481481,0.6399177,0.54526746,0.48971194,youtube:000045,youtube,bd9b62d6eb5847aa5795cb7ad5e93c2cecaa67e230a52cdadd48fe337fbca983
46,1,1.2552301255230125,2.092050209205021,0.30658436,0.38271606,0.20781893,0.89917696,youtube:000046,youtube,aba543ac9c596d1829a18fd002244a0960d7533cb9b3ddc19816f1b747eedfaa
47,3,1.7543859649122806,1.7543859649122806,0.8004115,0.80452675,0.7962963,0.3888889,youtube:000047,youtube,0f77ef4d81a684a784a1fb0f6ea8b08a38058021e48ca3f4f2d3cf044fd519b4
48,3,1.0050251256281406,4.522613065326633,0.8168724,0.78806585,0.77160496,0.7057613,youtube:000048,youtube,7e831539fa27453348e164295654e05282bfd5f11c79ac000cb43da8fab678cf
49,1,1.3333333333333333,6.666666666666667,0.27366254,0.32921812,0.30246913,0.024691358,youtube:000049,youtube,229a7dd8d3b790c0956ec3af27fa03a457550436de1c94991a16c48366bc63ee
50,1,1.0638297872340425,0.0,0.16049382,0.30246913,0.2037037,0.18518518,youtube:000050,youtube,08a08406d222b4f78cd202973e46118289407aa3a5ffccae26552a353f182113
51,1,1.3986013986013985,3.4965034965034967,0.49176955,0.4979424,0.41769546,0.3580247,youtube:000051,youtube,49722e4f7566c6345beed4046b5676ad7c11d474bbf0f2ba4f3df95fe1c7d0b7
52,3,1.9230769230769231,3.2051282051282053,0.5041152,0.44032922,0.45061728,0.33333334,youtube:000052,youtube,b2bb1ba68cc400c9e120dbb468699d7f8dbdb7ef514fd72b3d3bc09f08b643ec
53,1,0.0,1.36986301369863,0.18724279,0.100823045,0.23251028,0.10288066,youtube:000053,youtube,f8a83a11083209e63216c11bd9a12b68a7139a1c75ff0cf5cefcf32e9c5fceb1
54,1,1.2048192771084338,3.6144578313253013,0.6440329,0.75102884,0.75514406,0.08436214,youtube:000054,youtube,1032f662c45fe08aa4c252d408e9c0975899a76700d287701e8d02c6c7b085e9
55,1,2.380952380952381,2.380952380952381,0.8127572,0.75514406,0.9238683,0.057613168,youtube:000055,youtube,eab5290d164df9b7a67206a95a93b0ad85f73b45b76d9b516ac2f4e3a42f5ff3
56,4,4.545454545454546,1.5151515151515151,0.9650206,0.91563785,0.9444444,0.10288066,youtube:000056,youtube,7126aeb862ec04a242486c359b03b31b1cde1a9dae431029ec28b406824a57c4
58,2,1.36986301369863,3.4246575342465753,0.66049385,0.7427983,0.49588478,0.8580247,youtube:000058,youtube,0fdbfd691434410d5fad40876a19804020b2035f2ff31f27c9eafbfb3b549843
59,3,0.6666666666666666,2.0,0.91563785,0.9238683,0.8909465,0.3888889,youtube:000059,youtube,efa81e7898db30aee5d40546d9b6f73443cd14253459aeaa24c9c67660732bc9
60,1,0.5076142131979695,4.568527918781726,0.76748973,0.74691355,0.7386831,0.4218107,youtube:000060,youtube,cd9a3f18e969df8213f0ed5ebb71f81677d1ed535960b96dc6fe05ea57a05253
61,1,2.9761904761904763,5.654761904761905,0.06995885,0.100823045,0.1090535,0.8909465,youtube:000061,youtube,ab57096471b3cd3ffd01517e0e0cddf8996468ce7886a2e09ef11c8369750691
62,2,0.5714285714285714,0.0,0.9032922,0.8683128,0.9074074,0.46296296,youtube:000062,youtube,26b5c5edbddb572c9a12c5c7ac8fa9c467f84903cf5402c9a17aaa0e3ce5a027
63,3,2.0066889632107023,2.3411371237458196,0.31893003,0.30246913,0.22427984,0.87860084,youtube:000063,youtube,550d59250e432879d0801b3c600cfcd012e576aa257a4c546c9c2fe51f6fedc0
64,3,0.5681818181818182,0.5681818181818182,0.25925925,0.100823045,0.19958848,0.5781893,youtube:000064,youtube,927b641819d172277054ce2c7c33fc4b58ab47e04a0774181da93c8fadd6ae47
65,1,1.1111111111111112,1.1111111111111112,0.1399177,0.100823045,0.13374485,0.12139918,youtube:000065,youtube,426f35cb363d2f9fe32c48293783fe7829a95471734835f273f2d77154ddd3b3
66,1,3.3057851239669422,2.479338842975207,0.09670782,0.100823045,0.022633744,0.33333334,youtube:000066,youtube,40c96d4ff2a622ed02f17af7923d1a2e22cc633a16a85687bcf59e7b822c13f4
67,2,2.734375,3.125,0.97325104,0.9814815,0.9691358,0.82510287,youtube:000067,youtube,77d23dfbae100f86387753400e17e18172a4ee8a49c9ebf57fb74a8a6314859e
68,2,2.272727272727273,0.7575757575757576,0.09670782,0.100823045,0.08436214,0.7386831,youtube:000068,youtube,9693c82321c75aaeb8cf2971078df10f7bca78a8f4ef73d7635626ba572bf4d2
69,3,0.0,3.7037037037037037,0.718107,0.5555556,0.6522634,0.37242797,youtube:000069,youtube,3b434a5c47ccc0b7a6f9241a6ddfa7da45115b59f973df080112799924977369
70,4,0.0,0.6451612903225806,0.8333333,0.7962963,0.8744856,0.29218107,youtube:000070,youtube,0403735c8fbc3bf28c2378ec16d641b643796cf984a7be9ef8142090c7426bf6
71,1,2.34375,3.90625,0.14609054,0.22633745,0.18312757,0.30658436,youtube:000071,youtube,98036f10d1bde14c7bb037bea8d529f68d71db3482c69016fe8968013314b310
72,3,1.8248175182481752,1.4598540145985401,0.80864197,0.8909465,0.718107,0.80246913,youtube:000072,youtube,3f57a71318abe9fad3843d9ce0983b7506010343b83c743cf3afecb8b7425dbe
73,1,0.5524861878453039,2.2099447513812156,0.7921811,0.88271606,0.9115226,0.63786006,youtube:000073,youtube,570c6ab828a3c3bf5b45eba6c756235354b4fbb08d2e882214f12321a6ec265c
74,3,0.0,0.0,0.8292181,0.8539095,0.82098764,0.4218107,youtube:000074,youtube,6c5a4a59de85d5584e0f0bf5ece582b4866deb3a746dd470cefedc5e7ca8c2ae
75,4,1.639344262295082,2.459016393442623,0.40123457,0.36625513,0.39711934,0.75102884,youtube:000075,youtube,e40848aa8688e02dcf88916310d685ffbf2e350bed238c35b62baf9dfdf299b3
76,1,0.7299270072992701,2.9197080291970803,0.15226337,0.100823045,0.11728395,0.4218107,youtube:000076,youtube,8ceb9458dc0d5a63d6a6a1c04fc303f029764e9f3e538e03f5f621538ed9eed8
77,1,0.0,1.5151515151515151,0.5617284,0.40329218,0.6728395,0.82510287,youtube:000077,youtube,3c3e4de46b2cdeca1b1d33b62062018c09112d58f5b1bfcec1cdcb98cc9669c0
78,1,1.7391304347826086,3.4782608695652173,0.053497944,0.100823045,0.03909465,0.4218107,youtube:000078,youtube,4628baa6829defb639c5c8a2e0d84e597a86f2746fcb12cc3e9a480237804745
79,1,1.8867924528301887,3.7735849056603774,0.82098764,0.8148148,0.8292181,0.54526746,youtube:000079,youtube,e86a2fc0bb71a1a1c89110a9347becbd51bc4f8bc923c4a161a8a4b871ef27aa
80,3,2.412280701754386,2.192982456140351,0.49588478,0.47325101,0.4053498,0.9979424,youtube:000080,youtube,f4ce783eef24afb3ad207fa8a326a561751d2cc7ad14403b2386a476d8868984
81,4,0.0,2.5641025641025643,0.18724279,0.100823045,0.19135803,0.04526749,youtube:000081,youtube,4953a0787f0707d412071aa8e5694ada5a64eb752345df4965bc8d703efa33b6
82,4,1.8404907975460123,1.2269938650306749,0.086419754,0.100823045,0.018518519,0.7386831,youtube:000082,youtube,21ee5b497fac9bd25b9392029aef36ac6343b03916b800c6c2933a66c5491018
83,2,0.0,3.10077519379845,0.37242797,0.4526749,0.2489712,0.94855964,youtube:000083,youtube,e7c63a9c63fa5d545c1ac580a587b3e8be595500079c2a6a4abb4d45b1e70831
84,1,0.0,2.5974025974025974,0.7613169,0.7633745,0.80864197,0.30658436,youtube:000084,youtube,d1e692ed5e1884bee0f43ced95d331cf927503bb1552b0d23518001b3168df60
85,1,0.0,3.821656050955414,0.7839506,0.77160496,0.67695475,0.63786006,youtube:000085,youtube,de4bbfbef9110e3dc5c2e1fc3568e4cb8ea93235eb159bbdfe121b8478f9ec41
86,4,0.0,1.3333333333333333,0.06995885,0.100823045,0.100823045,0.06995885,youtube:000086,youtube,e9d428810793776478c56298ddbb3cbf603e187b0ad1a965d15b1fe9565c7d3f
87,2,0.6493506493506493,1.948051948051948,0.87860084,0.84156376,0.8168724,0.5781893,youtube:000087,youtube,b9adcce967cf2da60659b5379fdc0a74f255f8cd64589ca69fc5b3223b437f3d
88,3,0.0,4.819277108433735,0.024691358,0.100823045,0.010288066,0.27572018,youtube:000088,youtube,faa663df90735c296753ed6c3ab27a98d8b13fbc469eac9d5baea48edfad51ea
89,1,1.9047619047619047,3.8095238095238093,0.8868313,0.89506173,0.8497942,0.75102884,youtube:000089,youtube,ef2c2b593c5de3d0b069cf8670721f79f7bd7b09d3241932ce73cd274ab0b4c1
90,3,2.5,2.5,0.83744854,0.9032922,0.8580247,0.27572018,youtube:000090,youtube,e47dc2e788c3958b514383020f7889da04059b29842b45d146a5fc0621f27413
91,3,1.3333333333333333,2.6666666666666665,0.6152263,0.6069959,0.63580245,0.10288066,youtube:000091,youtube,e7a3ace2bede02ac721fade30040f8184bf9baa6e04cdd15811d5c370b9ac0f8
92,3,3.6144578313253013,0.6024096385542169,0.3600823,0.34773663,0.3600823,0.21193415,youtube:000092,youtube,eaaf4fa0f46b9827d9ffae462469739658898789d8fccb1bfbb7cb6566db5c41
93,3,0.0,0.0,0.8909465,0.8683128,0.9279835,0.1563786,youtube:000093,youtube,b095dbb2b27bedfcbb0da6576de5335fb4588d2f6cc7cfff3e9b5db77260c8f7
94,2,4.918032786885246,2.73224043715847,0.7345679,0.72633743,0.73045266,0.48971194,youtube:000094,youtube,2c30bf29c88625554d563dfa91cefb1b27593d11c438cf8a8f10dd2a93b7a7ee
95,2,1.2345679012345678,1.8518518518518519,0.75102884,0.68106997,0.7839506,0.46296296,youtube:000095,youtube,3de071efe412af54e7d65e88d3b962c0e33d0f6515d125f77e4da5a455b423e8
96,1,4.487179487179487,3.8461538461538463,0.33127573,0.30246913,0.40946501,0.9444444,youtube:000096,youtube,bf97079c23edb1e7a09eddd99eba48c13d24935b96521da2e4666c6654bf8a3b
97,2,1.8518518518518519,1.8518518518518519,0.5349794,0.5761317,0.58230454,0.5205761,youtube:000097,youtube,1c3218381d9de5f0a1aa69fb68abdac30fa3a8a5827cbfb6c9e3d03ce22d31a0
98,3,1.3100436681222707,1.7467248908296944,0.4835391,0.62139916,0.5493827,0.7057613,youtube:000098,youtube,07b65bd38e255220f90efca0b4cff1d52698c934b26f02f20eebb02fa6c4268e
99,3,0.7751937984496124,0.0,0.69341564,0.537037,0.69341564,0.5781893,youtube:000099,youtube,a60dfe2e9fffe5a1508f26c7d635c5508f58aea3c9f821b261418388a1d9ce05
100,4,0.0,0.0,0.5493827,0.6440329,0.6399177,0.08436214,youtube:000100,youtube,e45aafcd0f75b993d6ab220b43171f867b60eebed50a369ac843e5912815c95d
101,3,1.3157894736842106,0.0,0.58641976,0.5555556,0.6481481,0.115226336,youtube:000101,youtube,923b9e72ad0b82610f29d547e92ba6648d3f6e450c1c498b3cc902e8dbc031e5
102,4,2.097902097902098,0.6993006993006993,0.7757202,0.7839506,0.74691355,0.33333334,youtube:000102,youtube,fb29234c2960f387271cf53d6e21fc6bdbec956f42ff48e6c1b545f4da130923
104,3,0.0,3.1746031746031744,0.55349797,0.43209878,0.5740741,0.24691358,youtube:000104,youtube,5108851506115ce0b2aa54cb39edbfa66560aea706a43a0c062c59238ad49e42
105,1,2.527075812274368,2.527075812274368,0.21604939,0.2674897,0.30658436,0.93621397,youtube:000105,youtube,41fdaec12250e9be2e812d493d91117a126c9ab82111f37d50a5d52984486586
106,3,4.8076923076923075,0.0,0.47530866,0.30246913,0.5,0.4218107,youtube:000106,youtube,c79984f7bbb302752dd0e085cf1044b97e1f1ad5aa4996357961a3a7023a9023
107,2,0.7518796992481203,1.5037593984962405,0.5205761,0.34773663,0.6234568,0.22839506,youtube:000107,youtube,e39d30060c44c25453adecf86b8330ff33a29c91cae33ce299314d91fa9fa1e2
108,1,2.9411764705882355,3.676470588235294,0.4053498,0.5041152,0.5041152,0.21193415,youtube:000108,youtube,2c26ab942a30e88ff2e87ce4a65bdb78f2efbcb397d186f1c89234aabaa299b3
109,4,0.0,3.5714285714285716,0.52469134,0.38271606,0.56584364,0.63786006,youtube:000109,youtube,bf416c9e8ad86d8e744c489e6fcf4afa65186d15cf27909213285443ced39249
110,1,0.0,1.639344262295082,0.28600824,0.40329218,0.38477367,0.024691358,youtube:000110,youtube,4f074b03c25695c593f26345ddcb0dc7b979de46cd4fb41c217a399babe7c289
111,2,2.185792349726776,1.092896174863388,0.17489712,0.100823045,0.29012346,0.9403292,youtube:000111,youtube,2d316a96470b8e77ba0f4478f249c8159c07b42813b26ac739f971e0f59faf0e
113,3,3.5211267605633805,0.704225352112676,0.89506173,0.9074074,0.845679,0.30658436,youtube:000113,youtube,d725d655c8fbafec577e8753c99fe337155638829c901e9e38805ee01d9ae73c
114,3,1.1627906976744187,1.1627906976744187,0.77160496,0.66255146,0.75102884,0.54526746,youtube:000114,youtube,2d5694f3f3e1be69d23dc787b39b88a387561150178cbb4a990a7fb0c57e843b
116,1,4.901960784313726,2.9411764705882355,0.3148148,0.2674897,0.34773663,0.76954734,youtube:000116,youtube,89db82c6100a6033ba7bf26a743940daaea27daca01d85c49cd69fba182fd2fa
117,2,0.46511627906976744,0.46511627906976744,0.69753087,0.6707819,0.6646091,0.63786006,youtube:000117,youtube,cfa2af2ce54c698030e697bdfdbf70d07a8f1da2bb73d5a2b5dcbd84279c672c
118,3,1.492537313432836,2.2388059701492535,0.5781893,0.7201646,0.72633743,0.24691358,youtube:000118,youtube,d742389f78bb0549a4fe57d5d5dc29252dd01ef21c129631b05efc80ef213862
119,4,1.4285714285714286,0.35714285714285715,0.4218107,0.44032922,0.36419752,0.8703704,youtube:000119,youtube,d574914410dccb5aa7fcf0cb753f168f42343eae3e6081a7edd53dfe2feb81b6
120,1,3.463203463203463,1.2987012987012987,0.9115226,0.8497942,0.8539095,0.63786006,youtube:000120,youtube,fd337df41850862bd696f6dc445e2bed0ba7c24a036fbc265c2ac8529d6f13d4
121,1,2.5210084033613445,2.100840336134454,0.845679,0.87860084,0.7633745,0.7386831,youtube:000121,youtube,ad64d77f9f229f2e8cd4edb035d05fa0237f7ad011ade06af8214fd3f48f49a6
122,1,0.0,3.4482758620689653,0.3271605,0.30246913,0.39300412,0.1563786,youtube:000122,youtube,5b86b795740104fc165e0a8b8a7aac1c6e2b8d3670f55e4120e82d8d6ffc32f0
123,1,3.7313432835820897,2.985074626865672,0.9074074,0.9279835,0.86625516,0.1399177,youtube:000123,youtube,831f467a249df46bb794c5c3ad642b648097377873aaf0340d5a03df116346ab
124,3,0.8403361344537815,0.8403361344537815,0.86625516,0.7757202,0.8127572,0.78600824,youtube:000124,youtube,17bf274d5d383c9853aed5962a761c143ebc92ad51e2e38ec16035be7975c20f
125,4,0.78125,2.34375,0.58230454,0.4979424,0.54115224,0.22839506,youtube:000125,youtube,372d1525786f355fbc734e2c2dfd9b3802aacf94e800e80e24c85c1a2be149ef
126,3,1.6304347826086956,1.0869565217391304,0.9279835,0.8580247,0.8868313,0.63786006,youtube:000126,youtube,4072f457f24d5c9c90ceb8179ebc2cd27ab639b7f03c005e728825bbe8e77db7
127,2,0.0,0.0,0.4382716,0.51028806,0.47942388,0.3580247,youtube:000127,youtube,0bcc75f6dc0b9d6b5b86782cbb576fcd7efd339e463e6c93caad2ff948a78186
128,2,0.42735042735042733,4.273504273504273,0.50823045,0.5308642,0.537037,0.50617284,youtube:000128,youtube,6c762bc019f5e886805878aeb7ef7d71b603952e01a4cc40803725de8fd2d423
129,4,1.1627906976744187,1.1627906976744187,0.71193415,0.7366255,0.70987654,0.057613168,youtube:000129,youtube,df1c2ef81fb71b80324fd9dd4b5d1c89e2ac96562669592f29bf2d6996feb526
130,1,0.0,0.5291005291005291,0.4547325,0.5185185,0.41358024,0.8847737,youtube:000130,youtube,017bbf78fdb4d425f955dd2948a0af589db03cba5abf4bc4d9437e240e984790
131,1,0.625,1.25,0.93209875,0.8744856,0.87860084,0.50617284,youtube:000131,youtube,8429ad32257a459c58ed739d8b575142d93ea14c65b1dad693e7a84f3839fce2
132,2,1.3605442176870748,3.401360544217687,0.8744856,0.7798354,0.89917696,0.5781893,youtube:000132,youtube,1a368dd26f5500b68ca6959ebf2a1fb9eebe21cb9b08ae0c933dddd3aeabda3e
133,3,1.7241379310344827,1.1494252873563218,0.5576132,0.5308642,0.5123457,0.95884776,youtube:000133,youtube,b9967441c2203c07350d8d1d4c6ab4b320c61834b81ef2e0bb3fdde3eedda81b
134,1,0.819672131147541,0.819672131147541,0.590535,0.69753087,0.6152263,0.1399177,youtube:000134,youtube,c8269eda681dba90be3330565d324481ccb520901286f8d755b5ed4d75136e82
135,3,0.6369426751592356,3.1847133757961785,0.8497942,0.8312757,0.7757202,0.4218107,youtube:000135,youtube,0de7cd2a30228ed9b6fe5594d8d079c4e6176a6e77a83ef1e4451eac62ecc375
136,2,3.1690140845070425,3.8732394366197185,0.41769546,0.47325101,0.35596707,0.89917696,youtube:000136,youtube,7ed81ce862faba4065eda1419aee01ac8490b4f4ab8201fb26769321867d67e4
137,1,0.0,3.389830508474576,0.5349794,0.7037037,0.6893004,0.12962963,youtube:000137,youtube,b2a37856a523c71deb5b99c98c308dfba5f881ef7c5e5028be6e1dfd9179470f
138,1,1.183431952662722,0.591715976331361,0.48765433,0.47325101,0.4547325,0.46296296,youtube:000138,youtube,ae12c0dda5350866708d679e4b6ec556fa1504f95bd30ab8f69cf2454570d366
139,1,0.0,0.0,0.46707818,0.32921812,0.42592594,0.46296296,youtube:000139,youtube,fe2bc95dd157451dbd0a5076648ef599b30f78cc7339c561c1645752331df514
140,3,0.0,0.0,0.60288066,0.60082304,0.59876543,0.4218107,youtube:000140,youtube,6c5a4a59de85d5584e0f0bf5ece582b4866deb3a746dd470cefedc5e7ca8c2ae
142,1,0.0,1.694915254237288,0.38683128,0.6851852,0.44238684,0.63786006,youtube:000142,youtube,4808d2053b208e6bc67870d1da29186e767ef55ad7053b574b24088ac8942b11
143,1,1.3793103448275863,4.137931034482759,0.2942387,0.30246913,0.44650206,0.7613169,youtube:000143,youtube,51f3e4edebbd8101eeb4bb13ced489cb675510f4d4207a6baecc1b0b4bf94cd8
144,3,0.0,0.8264462809917356,0.3436214,0.30246913,0.31893003,0.33333334,youtube:000144,youtube,0bbd9d79acaa159658e7a69c4736e583c28c8deed5f42262695dfb93ba254749
145,2,0.0,1.5625,0.6893004,0.66255146,0.7016461,0.057613168,youtube:000145,youtube,2efc8f83716f3dba2162b623121c67214db2f5f1d569f6a5104077b3457504f3
146,3,0.7380073800738007,0.36900369003690037,0.37654322,0.36625513,0.3148148,0.7613169,youtube:000146,youtube,add55ede07dcecdea10173fb0311099c8cacb04b609245202268fc89143d9255
147,1,3.9215686274509802,1.9607843137254901,0.6522634,0.7592593,0.61934155,0.7057613,youtube:000147,youtube,57a827e5f355a76cf276f8f711e8ecc48c5bfb9f75866b9fd0ceaf60cf8a0b2f
148,1,1.492537313432836,1.8656716417910448,0.30041152,0.4526749,0.33127573,0.9218107,youtube:000148,youtube,07fd90fe841b822cb19b158a0bc0d5a4640a77873147d3f1b232791e8001a381
149,1,1.4634146341463414,2.926829268292683,0.1090535,0.100823045,0.12962963,0.8497942,youtube:000149,youtube,083a5076c86b701279ba2899a749dd399558e92636459964dcb85d61ca1b5bc1
150,2,3.7037037037037037,0.6172839506172839,0.6399177,0.5761317,0.590535,0.8497942,youtube:000150,youtube,00752059bfbd927548b1f5824b0664b2cdac5e8ce391d650ee2b3c15e5626896
151,2,0.7692307692307693,0.0,0.6728395,0.845679,0.78806585,0.33333334,youtube:000151,youtube,0e35c88b660dfc962b3db068ad361b608c57906a75c6c38ab23e6a6bee170947
152,3,0.0,0.0,0.7222222,0.5185185,0.88271606,0.1563786,youtube:000152,youtube,dcf9fdbdcd97d088c7d41b6c1eef9315a04684f762ad628f028be190b19d10fd
153,1,6.382978723404255,3.723404255319149,0.18724279,0.22633745,0.2942387,0.7777778,youtube:000153,youtube,2ade78b4f47788bb053a3fac75ba0ff7cec368fed8a771b5c2d6466d8a8e854f
154,3,2.2573363431151243,1.3544018058690745,0.52880657,0.69341564,0.37242797,0.95884776,youtube:000154,youtube,5e590a7c9f51cf440b3a66dfa91812f14f57071a461917e5f7a2b92fe096a664
155,4,4.838709677419355,1.6129032258064515,0.28189301,0.2674897,0.27366254,0.29218107,youtube:000155,youtube,26af22e241984f6b1aab002898528762f4f51c93a460688792c60227359a8963
156,4,0.0,2.247191011235955,0.63580245,0.58436215,0.60288066,0.115226336,youtube:000156,youtube,0b326c4ceb8ba21a4d759f7803a90d8e2049c2b466a8fd50bf9e8a0f01f8c37f
157,2,3.125,0.0,0.7386831,0.6502058,0.7592593,0.024691358,youtube:000157,youtube,c3219d427729ba334343c122c7b42c4601a630a6374985fc14f9b04d86037012
158,1,0.0,1.4705882352941178,0.56995887,0.5925926,0.6069959,0.5205761,youtube:000158,youtube,3c75d2e71bf6b28c63d612f588e7a0f815c5ecd80752fb68a85df2de50bb187f
159,2,0.0,0.0,0.5164609,0.38271606,0.4218107,0.22839506,youtube:000159,youtube,b3de82c2ba47e5a6bb3f5384add3b0066c40240109cde8f6d3eead43316864a1
160,1,2.5,1.875,0.7057613,0.73045266,0.627572,0.5781893,youtube:000160,youtube,56192634a72478a3306eef66bdbd6a67c1080d7a36daa62bf0a347def9cfd33c
161,1,1.0869565217391304,1.6304347826086956,0.36419752,0.100823045,0.35185185,0.33333334,youtube:000161,youtube,f9604c7aa2e3cdab6339cfcce4d8b3c0fa810f1001bcf2ac15e013013c527f60
162,1,1.7167381974248928,4.721030042918455,0.5740741,0.56790125,0.48765433,0.83744854,youtube:000162,youtube,5e3c00b91dc745446319883826beeeebe81761d6e1a1d4099d5fcf817a24f0d7
163,3,1.1695906432748537,1.7543859649122806,0.18724279,0.2674897,0.09670782,0.7057613,youtube:000163,youtube,df27a93d677b713870e48e0706b38137d95faba0b4e662e12d77e0929b655973
164,1,2.2058823529411766,0.7352941176470589,0.74691355,0.71193415,0.7222222,0.63786006,youtube:000164,youtube,3430eefdb411e1cf6d8a37274b2e326a81e95ce017d7bb31b1659352ac09fc67
165,1,0.49261083743842365,3.4482758620689653,0.33950618,0.38271606,0.31069958,0.4218107,youtube:000165,youtube,c6672a758a90bec1b808f598bb21a354f1e26ab4bf488801492530afd2819552
166,1,2.247191011235955,1.6853932584269662,0.45061728,0.40329218,0.5576132,0.46296296,youtube:000166,youtube,e9e541d2ebb367ee81902072bddd4d6616b088a68479f12bb99202b57199762e
167,1,0.0,0.0,0.88271606,0.9115226,0.94855964,0.04526749,youtube:000167,youtube,57c2724a9312663c6c5824175d3e7c19d7c41402ded06b8b6caee98b7acfaf91
168,1,1.910828025477707,0.6369426751592356,0.38683128,0.2674897,0.4835391,0.27572018,youtube:000168,youtube,90d804c8152591eca0b26fcf7657ecc4f7ae8fadb5878d7d907628553279e498
169,2,0.7092198581560284,2.127659574468085,0.59876543,0.5617284,0.6111111,0.54526746,youtube:000169,youtube,4f72657a5e2a2811c20d5b275f4cff258ccf9325c600679e76bb29fa5075f187
170,1,3.7974683544303796,4.219409282700422,0.627572,0.5925926,0.5617284,0.8703704,youtube:000170,youtube,4508ff748022021f9c5b4a15fe3cd1b34dde449227d8067d6e9dc1f61b9374cb
171,1,3.141361256544503,1.5706806282722514,0.68106997,0.6296296,0.6316872,0.8106996,youtube:000171,youtube,3dc5d454c6cf3905e8c3a4aa412beedc3f04614106fb898b8df37faa17b2d60a
172,2,1.4598540145985401,5.109489051094891,0.61934155,0.51028806,0.52880657,0.97736627,youtube:000172,youtube,1f7f03ea098cff840cc1334f4c3d64fe0a660cbc2f6097b79ce1ec382a73521e
173,3,1.8779342723004695,1.8779342723004695,0.98971194,0.99382716,0.9855967,0.63786006,youtube:000173,youtube,12d0ba4b5deb69e81ba2acc21de8f1ca3462d0c67dccc311784a61992d28b1b1
174,3,0.4672897196261682,0.4672897196261682,0.6234568,0.63580245,0.58641976,0.7057613,youtube:000174,youtube,58b1d435c38a4aa70ddd0f2876380824d7b84e2bc42d18e38c6491d61a073464
175,2,2.0,2.0,0.06995885,0.100823045,0.05144033,0.4218107,youtube:000175,youtube,75b027072b453debe93e87eb20cb0e3aaf5a886051fb4b5830844ef392c561ae
176,1,0.0,1.2987012987012987,0.024691358,0.100823045,0.17489712,0.30658436,youtube:000176,youtube,4b081fdab0de15773498a0af33510f6090989e936f589650a0499b935a75eb53
177,2,1.8518518518518519,3.7037037037037037,0.82510287,0.8148148,0.8333333,0.54526746,youtube:000177,youtube,e86a2fc0bb71a1a1c89110a9347becbd51bc4f8bc923c4a161a8a4b871ef27aa
178,1,1.2987012987012987,1.2987012987012987,0.06995885,0.100823045,0.06378601,0.19958848,youtube:000178,youtube,ebfbb7cd6c223139fe353d828d471ae4666cd8005c51070c592dcbca53d73a58
179,1,3.278688524590164,4.371584699453552,0.23045267,0.32921812,0.21604939,0.7057613,youtube:000179,youtube,c3e2a2ef2aedcedff94951f3db19a622e1f7165a29155c393f2d65b6ca23ceb9
180,2,0.0,1.1363636363636365,0.56584364,0.6152263,0.5329218,0.22839506,youtube:000180,youtube,eabe5ecccdfce921c5f73aa17ba26410fc4a4900a2365ee559b3b85bc0f8c188
181,1,2.6490066225165565,4.635761589403973,0.25925925,0.100823045,0.22016461,0.63786006,youtube:000181,youtube,6f2a83d07907d3284ecf15c2448be8a1c5c85a9560d283dedd646aa89a777f8e
182,1,1.4705882352941178,2.9411764705882355,0.7016461,0.76748973,0.6687243,0.10288066,youtube:000182,youtube,b44f709403fc26462e1445b9dcf032c02af2ff983776638c0914ff83801d24d0
183,1,1.2738853503184713,6.369426751592357,0.16666667,0.100823045,0.2695473,0.73045266,youtube:000183,youtube,cb5f52e14ee7e0341c80e813d6a73a7007c0c0e8f840d48d1558ed826b0506ff
184,2,0.5405405405405406,2.7027027027027026,0.84156376,0.8004115,0.76748973,0.75102884,youtube:000184,youtube,fffc35e647bf06e26fc5110d0e34d1e41a4e1f1c2025a74a35a837f3c9f45ba5
185,1,0.0,2.247191011235955,0.45884773,0.100823045,0.4711934,0.76954734,youtube:000185,youtube,97dc6d596ccfe24fe1e2ff7078bd055fd8408e67417fbfe0136dee6cc02aa043
186,2,2.6785714285714284,0.0,0.24485597,0.41975307,0.19547325,0.27572018,youtube:000186,youtube,216344fcfb9df240ae36015da363b31a0479d69e458e755cb0ba1ac312fdda18
187,1,0.0,3.4482758620689653,0.1255144,0.100823045,0.10493827,0.54526746,youtube:000187,youtube,29cd1dfec82d321357b27ad9138df1c17b431f0d69f34e3774f0481839f67cc4
188,1,1.0582010582010581,4.232804232804233,0.024691358,0.22633745,0.07201646,0.8497942,youtube:000188,youtube,c0818971f6e4c8cc6e74f9ba74c4ea03204f5063320a41a0f599c24c35354bf4
189,3,4.0,3.0,0.44238684,0.30246913,0.46707818,0.08436214,youtube:000189,youtube,111acd4e9742c9c8f5bd6fc5905476bd6b9434935e70f6119c0facd956f6e759
190,3,2.7027027027027026,0.0,0.6687243,0.71193415,0.6851852,0.012345679,youtube:000190,youtube,997d8f8634bb81ef8c26ac070a82aaf7ec5385ddaa665f8169cf551ffd88ae20
191,1,0.0,2.2988505747126435,0.21193415,0.100823045,0.06790123,0.37242797,youtube:000191,youtube,2d5beedcfd699e4f9db5bdfb0ab4417c35a7cae0c5d3724eecbd240192556b43
192,1,1.8518518518518519,1.8518518518518519,0.024691358,0.6296296,0.6563786,0.19958848,youtube:000192,youtube,a93ad4fb59bb0fb1b27c336b0c0cdabf27783a59ca82c03a4e45430cddaf797a
193,1,0.5263157894736842,3.6842105263157894,0.39711934,0.34773663,0.46296296,0.91563785,youtube:000193,youtube,6aa14e20d1abc17bcf7c1b0460c0a39f2ee9c699ec111ad5ad32a60ba6f5968a
194,1,4.854368932038835,1.941747572815534,0.33539096,0.22633745,0.3436214,0.30658436,youtube:000194,youtube,78277aa5b26c8279f09665e5109dede776c2a8661c504d8a522ce61448e1160b
195,1,0.6410256410256411,3.2051282051282053,0.30041152,0.34773663,0.25308642,0.4218107,youtube:000195,youtube,ee2df871a7e5958b8c08436c9ebf8faddd5850d02af22ec2b2044d4d0127ee4d
196,1,1.408450704225352,3.5211267605633805,0.6069959,0.100823045,0.6440329,0.63786006,youtube:000196,youtube,2a1cade2f442c844ec1ac3653bc27cf4fc2bce549e9f3a550c6d8dcfd7476efe
197,2,0.0,3.1055900621118013,0.54526746,0.22633745,0.66049385,0.78600824,youtube:000197,youtube,3543952a9c5ff68a6ee1d83fa86aaccff0d08f8c031b2de098e58d53f524a80f
199,3,1.8633540372670807,1.8633540372670807,0.7962963,0.82510287,0.7427983,0.5205761,youtube:000199,youtube,87a33563756e35374abebfd5b1ed9f78d4d6943369e1c0f684e1e7264b1609b7
200,1,0.7246376811594203,5.072463768115942,0.75514406,0.67695475,0.69753087,0.25925925,youtube:000200,youtube,0faae0989cbca150f9b8081589d1d6d3daf6e924207ed32ac9288994aa38e73a
201,3,1.941747572815534,0.0,0.73045266,0.6502058,0.8004115,0.12962963,youtube:000201,youtube,7694438dd632333663b6c7b623ad2bcf77e1818d601629f88082cae7672bc9ef
202,1,0.0,2.985074626865672,0.16049382,0.22633745,0.113168724,0.63786006,youtube:000202,youtube,085cc0a0337ca483d168e3fd8c2365671532bb4277555be9241a65befdb801d7
203,1,0.9090909090909091,0.0,0.89917696,0.89917696,0.9197531,0.33333334,youtube:000203,youtube,a7841d96b20849056caacbe4b2ed97f1eb2ab01d6e0ae8e1db8951a16ebebbc7
204,1,0.0,4.861111111111111,0.8703704,0.83744854,0.8703704,0.46296296,youtube:000204,youtube,97d69a97e2bd81b68d2ba54f2594d1d8dc7937ed4d814c6df4491dcafb546272
205,3,0.6944444444444444,1.3888888888888888,0.35596707,0.40329218,0.28600824,0.27572018,youtube:000205,youtube,6b1ac8d8d94293a097c13ae638e3a8ae154bbdac3ee266fa212d3eee0ecf85ab
206,2,0.0,1.2195121951219512,0.19958848,0.100823045,0.16666667,0.024691358,youtube:000206,youtube,579f3be416bf02b2f90fea8326c96f9d202fed7382ef6b92dc8a2a3690749d15
208,1,2.3121387283236996,4.624277456647399,0.31069958,0.40329218,0.23662551,0.4218107,youtube:000208,youtube,8608dae9dfd1eaa5b70f1394e92221a1594d56595e93adc47862310d93faa5a4
209,3,1.9047619047619047,0.47619047619047616,0.06995885,0.100823045,0.08024691,0.63786006,youtube:000209,youtube,034c4c038b80e174f4a63d872ef226ab9d897f51f4cf95eb74b825f0605a214c
210,3,0.6896551724137931,1.3793103448275863,0.1255144,0.22633745,0.055555556,0.17283951,youtube:000210,youtube,0dbbf896b45c710c55789193f029429d0d62b8535b7c31332a8fb18e4c5f9dde
211,3,1.7241379310344827,0.8620689655172413,0.1255144,0.100823045,0.059670784,0.24691358,youtube:000211,youtube,a6462e7a931807d06a118acadb4fc263e7974462c124fba8632247ddb25fe239
212,1,2.3529411764705883,2.3529411764705883,0.67695475,0.6893004,0.7345679,0.12962963,youtube:000212,youtube,6ebe60b1a87553baeffdbb362a9eb56dba9ab82b1438a96665793755c54dc15c
213,3,0.4807692307692308,0.4807692307692308,0.2695473,0.41975307,0.26131687,0.8703704,youtube:000213,youtube,f85d642661bd0caaa2ddc5e132d5a668b6b0e1da1843e092956e244ddf99162d
214,1,1.5873015873015872,0.0,0.2654321,0.2674897,0.1707819,0.037037037,youtube:000214,youtube,2c58e17d77e382aa16b7bcc3b01eb775ff8a1ad0b001fbd8e849e90063f842c6
215,2,1.492537313432836,2.1321961620469083,0.2037037,0.22633745,0.1255144,0.99382716,youtube:000215,youtube,bd66705c2f793df637c708c36cad32b42acbb263e886188aea584dfa975bfb03
216,1,1.2738853503184713,1.910828025477707,0.22222222,0.100823045,0.40123457,0.7921811,youtube:000216,youtube,f560257dffddd68762f2dad199385ffeaf7873332af5c95a797a04fa76b2658a
217,2,2.9069767441860463,2.9069767441860463,0.09670782,0.100823045,0.034979425,0.86213994,youtube:000217,youtube,86e4e62a949d67734909c0ef44692d9695d5d9505be6bdc1e9fca602a0096ebc
218,2,1.0,11.0,0.25308642,0.100823045,0.18724279,0.25925925,youtube:000218,youtube,f249daba67342fb4c3a9d8e199e1cb08d9e1d545e3504107fd85af028e792750
219,3,3.004291845493562,4.291845493562231,0.5,0.48765433,0.38065845,0.80246913,youtube:000219,youtube,4b5b634cbcd87e91413aa84ac2f211c147aae7f472145e3167839ed630000e88
220,3,0.9868421052631579,2.3026315789473686,0.7613169,0.6707819,0.7057613,0.909465,youtube:000220,youtube,cfa0791dc2e651e076f924b9e4a4b3654e952034bff71dcd54f520c9181b4552
221,3,0.0,0.9803921568627451,0.7427983,0.80864197,0.83744854,0.27572018,youtube:000221,youtube,6610b456477ce301010ae665dc922cefee2b7d5d4c41ac9efe58eaa94d85e6b6
222,2,0.0,0.0,0.1090535,0.100823045,0.026748972,0.33333334,youtube:000222,youtube,ea8f051aaf7ef5cb096d52a1286c9fe9bdc393279767223208ea5a74f953a406
223,3,1.09375,1.875,0.97736627,0.97736627,0.93209875,0.9814815,youtube:000223,youtube,b5b7a52774b7c5184930524359f26f57234af757db315a4618bd865c9e77ce3b
224,2,0.0,2.7777777777777777,0.024691358,0.100823045,0.014403292,0.002057613,youtube:000224,youtube,b92c14aefe40040af1d4181e21ce433af29fa6cfbf537ac3df22ac3afad4207f
225,1,1.2269938650306749,2.4539877300613497,0.20781893,0.22633745,0.14197531,0.7057613,youtube:000225,youtube,275730059e1401e8e03e44382b45319ba32d31f02743e433b31a8983b4969dcd
226,3,1.0050251256281406,2.0100502512562812,0.44650206,0.4526749,0.3271605,0.7057613,youtube:000226,youtube,24f2ab8a96c3fc4bdbb36be86345d901232767e9ebc97337b613c196bb3002df
227,2,1.0,2.6,0.086419754,0.100823045,0.047325104,0.9855967,youtube:000227,youtube,bdbcc51eafc5f4bc76660f63171787e0cf61b6ca8fb3276de59d779c295fd659
228,3,2.6315789473684212,2.6315789473684212,0.1707819,0.22633745,0.15020576,0.08436214,youtube:000228,youtube,c93175ad1334ed9ac283b5d4551ad994bf38c92527767722feb900e8470dda47
229,1,0.0,3.4482758620689653,0.4341564,0.40329218,0.37654322,0.18518518,youtube:000229,youtube,d77e88fb4503ab0a3fd88011dcaab2cff3ad9116262e1cbfe73460ab1b29a0fb
230,1,0.8097165991902834,3.6437246963562755,0.024691358,0.100823045,0.0061728396,0.8847737,youtube:000230,youtube,e6a338b6b97e958bef8bdbd4fc7f7297e718b970236ec62dd4880a8a05024fff
231,2,1.2578616352201257,4.1928721174004195,0.024691358,0.100823045,0.33950618,0.98971194,youtube:000231,youtube,01a29d749ccba9ad54487f7a84718dbdb9c02c487183e7020f455d739f1e5053
232,1,0.4716981132075472,1.4150943396226414,0.024691358,0.100823045,0.21193415,0.63786006,youtube:000232,youtube,19a1dac471655faa84f2172f669249d5059ab371b6cb67a4f1e9775983b10328
233,1,3.361344537815126,0.8403361344537815,0.06995885,0.100823045,0.002057613,0.3888889,youtube:000233,youtube,917c676016a25000f197e15840420642169aba7343e1c02aa572552b73cb8935
234,3,0.8583690987124464,1.7167381974248928,0.024691358,0.100823045,0.030864198,0.82510287,youtube:000234,youtube,5b935d478d28c95a4b512a8a705ae44db63774756b0bd16eb0c9d5e20b26a670
235,2,4.040404040404041,4.040404040404041,0.15226337,0.100823045,0.14609054,0.19958848,youtube:000235,youtube,90e35336d9b9c7dfae32d5a46e0053152dd1252b7682132a8a02a127409e08fe
236,3,0.847457627118644,5.932203389830509,0.024691358,0.32921812,0.36831275,0.3888889,youtube:000236,youtube,678fe099b7d0f84ee637d277778900a57cddaac7d3b5ac98ed7e536a23ea8105
237,1,0.0,2.4390243902439024,0.053497944,0.100823045,0.09053498,0.7777778,youtube:000237,youtube,fed26907fb6ccb372b74d5a1aadc08c653b6268ab94cc74a5f98296d09ab377a
238,3,0.0,1.5384615384615385,0.2489712,0.2674897,0.22839506,0.3580247,youtube:000238,youtube,d532e4c9a57428170f3310e489ab5d6a7b024e795cc9f0e917671eae654d7ae5
239,3,0.6410256410256411,0.6410256410256411,0.47942388,0.56790125,0.3888889,0.93209875,youtube:000239,youtube,54b5f486c3d6e2d69e88762ed9895f26bcf24cff5f6e1aa28020e7e553fac2e0
240,1,1.7543859649122806,3.1578947368421053,0.024691358,0.22633745,0.13786009,0.48971194,youtube:000240,youtube,abf5f8d00a145c365f44510fcfed3fb44518d8ad190401e8ee0f8a974c56ae36
241,1,1.271186440677966,3.389830508474576,0.5946502,0.54526746,0.45884773,0.84156376,youtube:000241,youtube,4ab5be90022bd4335a60657197deae284880efb509dcd11a1eb57048f9ad2298
242,1,0.0,7.0588235294117645,0.1399177,0.100823045,0.15843621,0.1563786,youtube:000242,youtube,263b503a5a948ebddcbca7f81b4f7a637d5b9c522944ab2aa9bd32de658115f6
243,1,1.3986013986013985,2.097902097902098,0.024691358,0.100823045,0.09053498,0.46296296,youtube:000243,youtube,610cc89c1a0093ab58890855a2ebc5c93debdb59dbb90d70efd7c20ede519388
244,1,5.161290322580645,0.6451612903225806,0.35185185,0.36625513,0.4382716,0.7057613,youtube:000244,youtube,0822fef80707441643b49fb0e88484f3be5610023a94ef23938b89adf71e6503
245,2,2.1390374331550803,0.0,0.78806585,0.7037037,0.86213994,0.8106996,youtube:000245,youtube,f9c8f89e605a586a486778759dffbdd470b37450c3f5446c051f9337a52b20dd
246,4,1.1627906976744187,1.1627906976744187,0.71193415,0.7366255,0.71399176,0.057613168,youtube:000246,youtube,df1c2ef81fb71b80324fd9dd4b5d1c89e2ac96562669592f29bf2d6996feb526
247,1,1.0638297872340425,2.127659574468085,0.36831275,0.100823045,0.50823045,0.1563786,youtube:000247,youtube,35fb8e2968301f71b3c2162ade210f58c0d97e28993e2008c57a765217a18d3f
248,3,3.5,2.5,0.23662551,0.100823045,0.15432099,0.54526746,youtube:000248,youtube,9e8e846f5b918fff213992afca00bb0420301b13bcb40336acd45fd9ab2cad8b
249,1,0.0,3.6231884057971016,0.2777778,0.100823045,0.25720164,0.3888889,youtube:000249,youtube,90b999f7995bc98cde89d197bd7bd67a0aa93a956bb0e5c7ff7343c108a94846
250,3,0.0,1.2987012987012987,0.9657258,0.8689516,0.9576613,0.09274194,tiktok:000000,tiktok,a7115899231d8981c01b5aaab91a4940d3ba88ad7ffb8ec7d742ae3a229868e7
251,3,3.3333333333333335,2.5,0.27217743,0.25403225,0.28024194,0.3326613,tiktok:000001,tiktok,f90458776785a0ead4a83cae923c9efc7e731a441d433ff5a09ed0fb9b499a6d
252,4,1.6483516483516483,3.8461538461538463,0.39717743,0.40524194,0.671371,0.4919355,tiktok:000002,tiktok,56edda2a48a7ccfce5a4b8922c40602c7ec1a55a08593a7b4f9eb5d2e0e626e8
253,4,1.2779552715654952,1.597444089456869,0.6189516,0.7439516,0.6552419,0.875,tiktok:000003,tiktok,086f82dc4cc789d1900e03cc3fd1a848812fc06c6d701c24fb6a4f14ec9af895
254,4,0.5454545454545454,4.0,0.68346775,0.7116935,0.7157258,0.9435484,tiktok:000004,tiktok,4f456fa485cf64b97c912b10706c3b3994fda3d5cfce33a89bf116314e02be64
255,4,1.7857142857142858,1.7857142857142858,0.9133065,0.796371,0.91935486,0.10080645,tiktok:000005,tiktok,53a24a5932fc747e67c56a57a7cfb6579b5a2ef440b1ff835f8445b70eddeeca
256,4,1.444043321299639,2.1660649819494586,0.7358871,0.6471774,0.67540324,0.77620965,tiktok:000006,tiktok,dc0e4e1a5e49ef1fbfe7d924f1d6507cc458254499b5a2630210ea36cebeb289
257,3,3.669724770642202,2.7522935779816513,0.6673387,0.546371,0.7076613,0.058467742,tiktok:000007,tiktok,4e0e48ee5c362022c74a1ddceed3670e5128f18e8200933d5c087a762100280b
258,4,1.5,4.5,0.8891129,0.9657258,0.80846775,0.47379032,tiktok:000008,tiktok,896ab0f973f8ecea51e2ae0f8025f1e2b0a6b27a4bd978a80285105476e27ec0
259,4,0.43478260869565216,0.43478260869565216,0.6955645,0.6633065,0.6229839,0.73790324,tiktok:000009,tiktok,545be0c19607a5b54888c39d86b71bd7441e80dcb817cc84ce512273f1b7fcfe
260,4,0.704225352112676,2.112676056338028,0.5302419,0.5020161,0.5141129,0.38104838,tiktok:000010,tiktok,10259059bd1170aa20d3490ef774fb27d94bc2f81f16f7f6a9433e3b61b463fd
261,1,1.4598540145985401,2.9197080291970803,0.04233871,0.06451613,0.04637097,0.73790324,tiktok:000011,tiktok,113fd9dfd4a14f83fc0576354ef2da334cfb5f6320b369a07ebc83122f70e608
262,3,0.796812749003984,1.1952191235059761,0.69153225,0.3891129,0.5826613,0.43145162,tiktok:000012,tiktok,6a1fec9c8ea4b803c67e755047fc787bbef2b1585a809a8429e0491a09c8b815
263,3,0.4694835680751174,2.816901408450704,0.88508064,0.006048387,0.8508065,0.22177419,tiktok:000013,tiktok,ea224b57a9e3e5cd7cade9f06852b55f9874850c4c3aada0caf9b332e74aaeb6
264,2,0.0,2.9702970297029703,0.98991936,0.94959676,0.97379035,0.39919356,tiktok:000014,tiktok,5ce81a6080ac49366cd6d27a1e610913678a0aa6a711e013d5305a05b1bfb600
265,4,0.5952380952380952,4.761904761904762,0.7883065,0.7923387,0.65120965,0.25,tiktok:000015,tiktok,7df0754605b14264335bfa160fc0731aa1af5189c77196b1d6352f7f8a01cad7
266,1,3.3333333333333335,3.3333333333333335,0.9979839,0.9858871,0.9979839,0.032258064,tiktok:000016,tiktok,404f3f722bebd0ec8ed7f5c50456d59ba5573cd0dacf7d56b9f21ea6183a918f
267,4,4.25531914893617,3.1914893617021276,0.9576613,0.8810484,0.9516129,0.032258064,tiktok:000017,tiktok,e986a46905e60c4910f078207794f3ea60a75e04bd1ddde183281fa2dd39f1ad
268,4,5.521472392638037,0.0,0.8447581,0.9133065,0.90120965,0.4919355,tiktok:000018,tiktok,0e55ffb088ee50110efc230366c9da5acaad22b1a7e2576f1a646f413bf69b22
269,4,0.0,1.3392857142857142,0.09072581,0.09677419,0.07459678,0.6471774,tiktok:000019,tiktok,956082350dbdb18622124366a5bd2afbe6ed2b5701f23864d9e0b657545a6cb1
270,4,4.504504504504505,0.0,0.6108871,0.5826613,0.7116935,0.08669355,tiktok:000020,tiktok,25ff5defd81caab97f2f5511fdd202556b195f703173c11ad00df4a748cbc129
271,4,0.3472222222222222,0.6944444444444444,0.7479839,0.6270161,0.80846775,0.7016129,tiktok:000021,tiktok,bd49c1acc9c13298e755c6a4d100cbb324c36880c313b22f6aff43afbd83e525
272,3,1.3574660633484164,1.8099547511312217,0.61491936,0.63508064,0.69153225,0.671371,tiktok:000022,tiktok,71895225c3db4d1f3e1f5ed3475e757f8fa2ee53f3125a62007337b562308568
273,4,6.8493150684931505,2.73972602739726,0.9092742,0.8891129,0.9092742,0.050403226,tiktok:000023,tiktok,ef546e3058c6cb6963e1f906eacdf891425f1dd9d7a1e081a1b3e86e50966c51
274,4,1.492537313432836,1.492537313432836,0.7157258,0.6794355,0.7741935,0.12298387,tiktok:000024,tiktok,6b3ed29d6eaa0b79fd99080c0cf326dcfd25cca1b4376fb4f93c040f1eae678c
275,4,0.4608294930875576,0.9216589861751152,0.6875,0.76008064,0.6633065,0.5907258,tiktok:000025,tiktok,9e0bc6f5d9876c1f639397290aa4e41aa17b42643e1d33f29da5dee551fbfb42
276,3,0.9216589861751152,1.3824884792626728,0.8770161,0.8044355,0.9314516,0.7157258,tiktok:000026,tiktok,4d432d35f57c347b72924d1903daeefebde904d5e5ec7f8b528fd94fc8e4aab1
277,3,1.465201465201465,3.2967032967032965,0.8266129,0.7560484,0.8770161,0.80241936,tiktok:000027,tiktok,11e498d910de15e2235819cab9ecca4c4d383293b3045fe06d64973db1b054ec
278,3,2.684563758389262,3.0201342281879193,0.84879035,0.8407258,0.7923387,0.6169355,tiktok:000028,tiktok,15e34dc29765848ea5bc0cbb8220907d9fea844daf35359cd6edb5b2ee52906f
279,3,0.0,0.0,0.7278226,0.64314514,0.7923387,0.014112903,tiktok:000029,tiktok,e790f89d06143db995f23796af99a790d2d7602a976e88e2c4e230cbc976b71e
280,4,2.0833333333333335,2.0833333333333335,0.9294355,0.98185486,0.9657258,0.06854839,tiktok:000030,tiktok,31e1972ac5cc53e8687b1481b905d61f0af4e0f023bef8ecb0a4eb27f3b318ae
281,4,2.5210084033613445,4.201680672268908,0.7802419,0.7883065,0.8326613,0.7923387,tiktok:000031,tiktok,739e3c5c0ea64a49c4d5db0f9090f1f17038834c0880d62727425e8bee6570d6
282,3,3.5714285714285716,0.0,0.7560484,0.5947581,0.7923387,0.032258064,tiktok:000032,tiktok,28d2c2a341688f7c814e33ffaddb4f490954fb26be61b2db410984798d56ffb1
283,3,3.1088082901554404,2.0725388601036268,0.9697581,0.97379035,0.9798387,0.3326613,tiktok:000033,tiktok,405630fdac38d74cf3d95fbcf280b53a4ce313621e65a1df15053f475536e759
284,4,0.8982035928143712,2.395209580838323,0.08669355,0.016129032,0.12298387,0.7258065,tiktok:000034,tiktok,699eb29f128bee9655b327c28d23b06a00a5bfb592caa1feb152158efb560258
285,4,5.521472392638037,0.0,0.19556452,0.19556452,0.22379032,0.19758065,tiktok:000035,tiktok,d8bfafc2c6ed5d330c7415bddc1be7fd9832a869bf58a7eecfcfb475f32072ba
286,4,0.847457627118644,0.423728813559322,0.38104838,0.3326613,0.36491936,0.85685486,tiktok:000036,tiktok,24838de322d0f0e30d77bd88c364ca1d6e46d465e58a8fe1f92411b62f3bd126
287,4,0.8810572687224669,3.0837004405286343,0.9455645,0.9052419,0.9092742,0.5020161,tiktok:000037,tiktok,369c71e51683c51ff255779c4c6fd662edaf95d98b95bec10a2ad81f3a51f1e3
288,4,1.9801980198019802,0.9900990099009901,0.19959678,0.45362905,0.37298387,0.022177419,tiktok:000038,tiktok,15c89595fe7d0e8388e88071bc6e02740d5b3571ba56613cf6e354f02d3f5086
289,3,0.0,1.7543859649122806,0.5544355,0.43346775,0.5544355,0.41532257,tiktok:000039,tiktok,8f40d94ac74a1bcc29c274b4a97973097f5d58480940515a8b20a621f6aae52f
290,3,1.1320754716981132,3.3962264150943398,0.47379032,0.5080645,0.49395162,0.77620965,tiktok:000040,tiktok,868efa41c80a2100803c0c7b7d2a8ae2106503c920684be158b2c94606234983
291,4,1.9656019656019657,1.2285012285012284,0.92540324,0.9375,0.9092742,0.9072581,tiktok:000041,tiktok,618ca63ee0eff59ed91417329c19ea910f804fd95eb5a4f629d05b589bac5734
292,4,2.450980392156863,0.49019607843137253,0.09475806,0.07459678,0.070564516,0.5342742,tiktok:000042,tiktok,fe1831c3e135cdd50ad697db1a0c9fa76c73f43ceabf8fd364ac107db9e26834
293,4,0.0,4.3478260869565215,0.5907258,0.6189516,0.59879035,0.044354837,tiktok:000043,tiktok,ffad5827f7587de8e8fe7b0f19d790c02a9c9cb0858aacac6cfad87e8e828183
294,4,0.0,4.964539007092198,0.546371,0.828629,0.4173387,0.22177419,tiktok:000044,tiktok,aaaf2a85df3a4bf90da2cbc226a77bced8993c3a6175a85483c5a6e524e3a65c
295,4,0.6622516556291391,1.3245033112582782,0.6229839,0.57459676,0.56653225,0.39919356,tiktok:000045,tiktok,dc2dc62e08fbeff55cb33f730ec820346f1a92547dde4928e8bce139d151b284
296,4,2.1390374331550803,2.6737967914438503,0.21169356,0.16733871,0.24395162,0.44354838,tiktok:000046,tiktok,f1979d25c32a57fd2280fbc4a43f418319a5121ea5f9b8204bf18ec472b88eac
297,4,2.992957746478873,2.288732394366197,0.5866935,0.5907258,0.5302419,0.9616935,tiktok:000047,tiktok,bc388f9b3efa7e38d930f0a58346a5158adc015a1e7254774dcbcecaa945318a
298,4,1.4354066985645932,2.3923444976076556,0.77620965,0.7197581,0.8326613,0.21169356,tiktok:000048,tiktok,f8a6e11b7f2601a376c0332d62808d1545273787702cf142f3ba2080d457567e
299,4,5.298013245033113,2.6490066225165565,0.25604838,0.21572581,0.3205645,0.17741935,tiktok:000049,tiktok,bee5fa9f57b373f91e9f66ee68294e9cf8438aef0cf1e7dc71fd01ea4c0298fc
300,1,0.0,0.0,0.36491936,0.36491936,0.3891129,0.002016129,tiktok:000050,tiktok,e85e116cac835ee35c959a7f070c03859e0a2758fb5da3d370422c38bcf0d800
301,4,1.639344262295082,3.278688524590164,0.6270161,0.6108871,0.69959676,0.032258064,tiktok:000051,tiktok,5fedb24ee5071d458fdf56897e17cf953768d2675f24d19963ff19f4d8688070
302,4,0.7518796992481203,5.2631578947368425,0.058467742,0.12903225,0.034274194,0.23387097,tiktok:000052,tiktok,5ce1dcbcc2e66b57f43716583e19752f11604d1b69a018ce976f647c073f2e62
303,3,0.0,0.0,0.8125,0.82459676,0.87096775,0.47379032,tiktok:000053,tiktok,1db96b1f1dee500bccadac6795a9bef5601bafefade4eda9c0e56dde75e9e488
304,4,1.8306636155606408,2.059496567505721,0.6471774,0.7842742,0.64314514,0.89314514,tiktok:000054,tiktok,934e6a424ca9365bad2eb05d2056bdc21efc7d8d475589e680c345d5dae68708
305,4,1.639344262295082,1.092896174863388,0.42137095,0.4173387,0.38104838,0.3326613,tiktok:000055,tiktok,4072f457f24d5c9c90ceb8179ebc2cd27ab639b7f03c005e728825bbe8e77db7
306,4,3.278688524590164,2.459016393442623,0.7439516,0.77620965,0.7741935,0.13508065,tiktok:000056,tiktok,78ba40b61fb274921fc06809349a6b48abddf30e6f127dd63722bc12eeed0a9f
307,3,1.1627906976744187,0.0,0.5080645,0.5705645,0.5866935,0.09274194,tiktok:000057,tiktok,904945a5b668d78281243bcd69a48b6e17292396e2ff5787ab78d3fc40e408ba
308,1,2.575107296137339,1.7167381974248928,0.9173387,0.9092742,0.76008064,0.5080645,tiktok:000058,tiktok,c9354e400dcaf1f3549cfd4e138614ec7ae919e0cb1d81899cbded25f5580311
309,4,1.3157894736842106,2.192982456140351,0.2842742,0.20766129,0.31653225,0.578629,tiktok:000059,tiktok,5ab22a166c6896b913860e2dc950d54410275ff68ef135beb21dbe91ef31ee88
310,4,3.278688524590164,2.107728337236534,0.5020161,0.671371,0.5625,0.953629,tiktok:000060,tiktok,465a31ac87906c8a44d2419297922efacffd99286fd5d5454bda62715dd64937
311,4,1.8518518518518519,0.0,0.43346775,0.42137095,0.46169356,0.31048387,tiktok:000061,tiktok,db3f31d1cc873bc6f4757f086af211d12682ce9a94a13c8897b1b227e23fe71d
312,4,1.0,3.5,0.7842742,0.8125,0.7560484,0.35887095,tiktok:000062,tiktok,a16da7f304adbdccb9d75195c09652f1d85ad380867281eb6a3e35bd746ccc8a
313,3,1.2269938650306749,3.067484662576687,0.9375,0.8447581,0.9616935,0.3326613,tiktok:000063,tiktok,d65fd655575f1c69d900e4cc9216675865dad719375175d523165757b2380b8f
314,4,1.639344262295082,6.0109289617486334,0.9616935,0.98991936,0.9516129,0.77620965,tiktok:000064,tiktok,eb75aab0bbcfb550abe03801a377876b2d198b1cbab1f41ee681a64d500961a7
315,3,1.7316017316017316,3.463203463203463,0.16733871,0.33669356,0.16330644,0.75403225,tiktok:000065,tiktok,32dc5e72baf00adc5ed9bccf2e1753e6bfb53d8ac34e172929f5d2aba64d16fc
316,3,0.5988023952095808,2.9940119760479043,0.21572581,0.22177419,0.20967741,0.27217743,tiktok:000066,tiktok,324d67993bcc6f4cb38bea133861eaa57da7289235bdf02de6f4a4741fd010ff
317,4,0.2518891687657431,0.5037783375314862,0.7641129,0.8729839,0.72379035,0.875,tiktok:000067,tiktok,8647fa65cbf1c602c1d2f9844148268b1e85fd2681a8d12e16925269d6452cc3
318,2,2.6881720430107525,0.5376344086021505,0.04637097,0.054435484,0.050403226,0.11290322,tiktok:000068,tiktok,04f71c2756e9a5b8f42415398f3b3a3cdbdae6689a748c9284855332d1a8df21
319,2,0.0,0.5681818181818182,0.014112903,0.006048387,0.038306452,0.6028226,tiktok:000069,tiktok,017bbf78fdb4d425f955dd2948a0af589db03cba5abf4bc4d9437e240e984790
320,3,1.2077294685990339,3.3816425120772946,0.25201613,0.3467742,0.17943548,0.7923387,tiktok:000070,tiktok,7968d2c9d4cc3a3536e39a072696d98fe83f61db3ea1c5ede2c63dee5578e43a
321,3,2.3121387283236996,1.1560693641618498,0.15524194,0.27620968,0.15120968,0.41532257,tiktok:000071,tiktok,c8a28cc9a2e2813dcbac18d06eb2ae598d0df1317be3410d9f213bd3fa53c52c
322,4,0.8097165991902834,2.42914979757085,0.55040324,0.47379032,0.57459676,0.55241936,tiktok:000072,tiktok,2aef9a1b0c9778ea3c13e5988b51357108a216779f57585e77f43e7f27a235af
323,4,1.0362694300518134,3.1088082901554404,0.26814517,0.25403225,0.27620968,0.6028226,tiktok:000073,tiktok,91ca3098485692d2ea2b238ae39a26b3b7be30fa27ea885551ca102b1274d007
324,4,2.9411764705882355,0.8403361344537815,0.4294355,0.3407258,0.42540324,0.19758065,tiktok:000074,tiktok,981c4c7fda52eb4e6319afda8f6cf31c5383d0c5a9a30b65fe9f61cec1ebc9ba
325,4,0.7246376811594203,5.072463768115942,0.90120965,0.80040324,0.9395161,0.15322581,tiktok:000075,tiktok,0faae0989cbca150f9b8081589d1d6d3daf6e924207ed32ac9288994aa38e73a
326,3,1.8072289156626506,0.0,0.23185484,0.20766129,0.23991935,0.13508065,tiktok:000076,tiktok,e862065895e5a20a40190b77e966f73a31823f28a9be9ce1a7fcb591419f546b
327,4,1.3953488372093024,0.9302325581395349,0.6310484,0.43951613,0.51008064,0.38104838,tiktok:000077,tiktok,af0a986327dac1c5e79d571e227ed61c44f89958f4093fa468ce895f5fd1bd1d
328,4,1.3071895424836601,2.6143790849673203,0.8266129,0.8971774,0.7197581,0.8971774,tiktok:000078,tiktok,ac64375df4d7ea5cc501bdb49341b068af8b7e07f887a82e7bf3f3ac948f1960
329,3,2.5974025974025974,2.5974025974025974,0.4657258,0.39717743,0.55846775,0.16330644,tiktok:000079,tiktok,e47dc2e788c3958b514383020f7889da04059b29842b45d146a5fc0621f27413
330,4,1.0452961672473868,1.7421602787456445,0.6028226,0.73185486,0.5342742,0.80846775,tiktok:000080,tiktok,b3927efb99a6f1d5b9bf13ce2997a7dc5c41c3ffb1969ab03ee6a23c4a055063
331,3,3.3333333333333335,2.0,0.97379035,0.9778226,0.98991936,0.74596775,tiktok:000081,tiktok,2e09eaeef671f589dab836751bbaa8d714776ced7332db3d5eb0620d3ec2d903
332,4,1.0075566750629723,0.5037783375314862,0.796371,0.69153225,0.7741935,0.80241936,tiktok:000082,tiktok,58e28d14b058a582863a4192a50ae507e4948a6560472399bc0fe9c895afb308
333,3,6.25,1.5625,0.15120968,0.088709675,0.12701613,0.18548387,tiktok:000083,tiktok,78e0c8c233160ded47c6ef0b89ecd4e8fef6ed035a094617115943a492b8db39
334,4,1.1308562197092085,2.9079159935379644,0.80846775,0.6955645,0.6270161,0.93346775,tiktok:000084,tiktok,58df2eca80430ea0acacfa14187eb385d725154b68c3f79462b5b9821d729234
335,4,2.3622047244094486,1.1811023622047243,0.22379032,0.3467742,0.16733871,0.52620965,tiktok:000085,tiktok,4c286a9e38899903bc430e7900973c1c8dde144800a4fde08af4c6fcc1f74bf5
336,3,2.0661157024793386,0.8264462809917356,0.7217742,0.6229839,0.7641129,0.46169356,tiktok:000086,tiktok,a5dc4acccce48a970d9143cd8ca583f3dbfc56e77862eea85eab098d1a35a6f7
337,4,0.5899705014749262,2.359882005899705,0.8528226,0.6673387,0.8326613,0.6169355,tiktok:000087,tiktok,78b0424d9244bd1c75da93b057b4e3bd4485d1a178b328ca8cd9c93e3e7bd8c3
338,4,2.0408163265306123,2.2448979591836733,0.47782257,0.32459676,0.41330644,0.88508064,tiktok:000088,tiktok,da8757495aa72b0dbf0fed04c10184f9603d59676b1c2b7c441f59c39b44e27c
339,4,1.5706806282722514,1.3089005235602094,0.48387095,0.55040324,0.5383065,0.7641129,tiktok:000089,tiktok,39b8da75387778e93c3bc10e0df6dcf48ee2a67b6f546e6dd8e220617dc1ac3e
340,4,0.746268656716418,1.1194029850746268,0.6633065,0.75,0.6673387,0.5645161,tiktok:000090,tiktok,d1c29994d405d74b9d76726446e0c2877138b32ea21b580cedd77534c575bdec
341,4,0.0,0.0,0.5705645,0.5544355,0.55040324,0.39919356,tiktok:000091,tiktok,5ef0d115185b32e9646e679e15c9d9d731df370c5affc3a070b1f18d9984d948
342,4,0.8955223880597015,0.5970149253731343,0.20766129,0.19959678,0.19153225,0.6310484,tiktok:000092,tiktok,a3c42964d1b12c93b25b4241bcb839f3f254ee735cecf38bd7b3eeb45eda3786
343,4,2.2900763358778624,1.9083969465648856,0.33669356,0.24395162,0.29637095,0.68346775,tiktok:000093,tiktok,6a3144f7a684488572fba703734455c780bc4d4310d60002a7174d551d26ee8a
344,4,2.2222222222222223,1.1111111111111112,0.42540324,0.19153225,0.3326613,0.10685484,tiktok:000094,tiktok,ccc7c3126195874834f93d348f972a816ef4de7b5590442b279c4428772c6dac
345,3,0.6622516556291391,3.642384105960265,0.85685486,0.76814514,0.858871,0.55241936,tiktok:000095,tiktok,d3aa1b6f00c58c500d4d525e4c458202ecdd59fd1f5828f2819f104c052ab92d
346,4,2.380952380952381,1.6369047619047619,0.14717741,0.12903225,0.20967741,0.9939516,tiktok:000096,tiktok,d33e49c668e4cae5552eb2d87df7038674a12da01305736a6c99269408579c82
347,3,3.4246575342465753,1.36986301369863,0.8326613,0.8366935,0.7923387,0.45362905,tiktok:000097,tiktok,e4e8921c3881018606543064be1618d332244c0f7a26d85caa57f721527a666e
348,4,0.6024096385542169,1.5060240963855422,0.48387095,0.5080645,0.8971774,0.69153225,tiktok:000098,tiktok,b2bd8c98fc642c71380fe130acc55e2aa3b359d8c1ffa4386027ace8d253d218
349,3,1.436265709156194,0.718132854578097,0.3608871,0.35685483,0.2358871,0.9435484,tiktok:000099,tiktok,b9ff96a8f866d65a37fc04b17a817f0e084623cb3f5100240b8319edccfc8a85
350,3,0.0,3.1914893617021276,0.5826613,0.47782257,0.5020161,0.16330644,tiktok:000100,tiktok,8a1cd3ab116cebc1ca69d7aaebc09c5f1fe3b18e4875a1c8b1c1f082de73b549
351,4,0.7633587786259542,0.7633587786259542,0.94153225,0.88508064,0.9395161,0.18548387,tiktok:000101,tiktok,c30a3756195a11557e0402953cc22ab0a0bb7003649ea58602b3206fcf5ce525
352,4,6.785714285714286,2.857142857142857,0.27620968,0.35282257,0.30040324,0.671371,tiktok:000102,tiktok,7bdab127a35549d4dfb53a4a289865a8eb9cc39b3a39d31e3af94601c4f2e441
353,4,2.056555269922879,3.0848329048843186,0.57459676,0.22983871,0.4375,0.7016129,tiktok:000103,tiktok,c5eb497da9833f17448925300726f0c51852c67aa87968361629d59c886ed8d6
354,3,4.081632653061225,0.6802721088435374,0.21975806,0.22983871,0.18346775,0.21169356,tiktok:000104,tiktok,8e00dfe490ee71a697be284a963b9da83e4f9c059fc84c1eca9b1d1c3e3c14c2
355,3,1.3793103448275863,2.0689655172413794,0.40120968,0.37701613,0.45362905,0.23387097,tiktok:000105,tiktok,28d0deeb378e3e42ea6fc9a467233c65e4f1ae57d926ef1c66c5e9ad0cfb078c
356,3,1.3605442176870748,1.3605442176870748,0.45362905,0.44959676,0.4576613,0.7157258,tiktok:000106,tiktok,7695c4095a64555f7105361685cea46463ee7f268e20d22b9b772375f5cc79e8
357,4,0.5434782608695652,2.1739130434782608,0.8729839,0.7641129,0.858871,0.17741935,tiktok:000107,tiktok,29d342c651869a8401caccee46605deb406f0c97597fbfa2156bdacf85fbf5db
358,4,1.4423076923076923,2.8846153846153846,0.9052419,0.953629,0.891129,0.41532257,tiktok:000108,tiktok,280b01e33e055299dafd386abd6daf4760ffdc457bda57a7b4df8e31bf029ebc
359,3,0.8368200836820083,4.602510460251046,0.98185486,0.94153225,0.9858871,0.51814514,tiktok:000109,tiktok,37101c4e62881a35012afb3fc18d108200a9539bfe557387399d34ac5c1f49b1
360,4,2.4390243902439024,0.8130081300813008,0.64314514,0.75,0.6471774,0.4919355,tiktok:000110,tiktok,7801e0c3e14dab705ebe8f0d04407fc3db7022f4f66487edb35970296083a11e
361,4,2.183406113537118,3.493449781659389,0.93346775,0.90120965,0.92540324,0.5705645,tiktok:000111,tiktok,8962b35daa15c6a7a847376ee7eecad72b8e16f7bbf08c51cce025a612326d3a
362,3,1.694915254237288,3.0508474576271185,0.81653225,0.6310484,0.73185486,0.7641129,tiktok:000112,tiktok,304b1701f2bdcd24a8f27acd27752fd03af989eb6216a0e067e46249ae4772c2
363,4,4.054054054054054,3.3783783783783785,0.89314514,0.8608871,0.8508065,0.10080645,tiktok:000113,tiktok,802a9b5d0f39b1d83309eaef16a7496e2d7e02a89b1693f8861ab0e417824769
364,4,4.651162790697675,5.116279069767442,0.49798387,0.6552419,0.48185483,0.41532257,tiktok:000114,tiktok,4774799ef49f71da233103f3e2fdc90d301d91c11c5eafdd272b17ade54e325c
365,3,2.766798418972332,1.976284584980237,0.73991936,0.6875,0.6028226,0.5342742,tiktok:000115,tiktok,65c99ce31d7daf83f34c6d25e2a1182732699139e61c69f218628232749b7bf4
366,4,0.6349206349206349,1.5873015873015872,0.23991935,0.20766129,0.21572581,0.55241936,tiktok:000116,tiktok,78932023efec500a9df738e60f8545c950d1a5f7dbde0636dea3d83db035d5a8
367,3,1.152073732718894,1.3824884792626728,0.8205645,0.8326613,0.8326613,0.8266129,tiktok:000117,tiktok,c45d2cb4aa97a02bd52ce4b57699b6b05c092d70dc90a044efb3c5718bcb6187
368,4,0.5617977528089888,1.1235955056179776,0.8044355,0.6592742,0.86491936,0.12298387,tiktok:000118,tiktok,b566e7aa7112e1409e874371303255e8a75efb0da942e20672ef334936d59eae
369,4,1.9047619047619047,4.285714285714286,0.7923387,0.81653225,0.8830645,0.51814514,tiktok:000119,tiktok,40568e30c1fae7dbc0d23adeca356bee7fb59c8a63375b42fd8433a2909db33f
370,4,2.380952380952381,2.380952380952381,0.56653225,0.5625,0.51814514,0.01814516,tiktok:000120,tiktok,f99a092e38d241c587dc39df8dedbb4afca5c3f2dc446fcea1d390fa4f315213
371,4,0.9960159362549801,3.3864541832669324,0.9939516,0.9979839,0.9939516,0.98185486,tiktok:000121,tiktok,857de0b97ec590523799644c42b5ec65c01f50e4100786d24e3f4e2570426dcd
372,4,1.8867924528301887,5.031446540880503,0.17943548,0.14717741,0.15524194,0.31048387,tiktok:000122,tiktok,49aab5dc73257cd09a44a3fcf053800530323503131d88c050637ad0d35c1ac3
373,3,0.5050505050505051,2.525252525252525,0.4173387,0.40120968,0.5221774,0.25,tiktok:000123,tiktok,c9e677ee8bbd426454956794858da44a3e451e26952f8006eca5d5dab7f3a461
374,3,0.2777777777777778,2.2222222222222223,0.86491936,0.6391129,0.7741935,0.9697581,tiktok:000124,tiktok,51846afbcbe1bf79be10c13334d11ce59f5cc28b024d513b33c81927b65d7849
375,2,1.4388489208633093,1.079136690647482,0.6794355,0.5342742,0.68346775,0.6471774,tiktok:000125,tiktok,1e53ee59cb2278bcf0ddeffc9c03f6baa021d3307908a358851f720163326de9
376,3,0.0,9.195402298850574,0.9778226,0.9697581,0.9697581,0.06854839,tiktok:000126,tiktok,450d1f9d6aba9d81d8d8e3d05745006b1f8a524a28c5b6a54f87da33b9befc9a
377,3,1.9823788546255507,1.1013215859030836,0.76008064,0.7278226,0.578629,0.8467742,tiktok:000127,tiktok,b8ae4170d4b73df85d89f3ec94c33194b8fffd73ec8307894c957429cdd86103
378,3,1.4981273408239701,2.6217228464419478,0.11895161,0.15120968,0.10685484,0.7016129,tiktok:000128,tiktok,c2542293391dde94cbaddf1f05b13ae900060e0ac1b2609f279762f3536829d8
379,4,0.0,1.3888888888888888,0.110887095,0.08266129,0.19556452,0.07459678,tiktok:000129,tiktok,0f7bfaac47aec0ae5fbbd40683a429889f19fc5a334c0c9441dba4a2d243a122
380,4,0.6896551724137931,1.3793103448275863,0.32459676,0.17540322,0.2641129,0.35887095,tiktok:000130,tiktok,806cf86f9bc42a072546536f8f70193345d5cc179ba6f645d3e1c1234b78439e
381,4,1.639344262295082,2.185792349726776,0.054435484,0.10282258,0.04233871,0.6169355,tiktok:000131,tiktok,1ff401d200d0f380c45c0ae900f45198126a96f5e4a06b75d1b7754a6b8b291a
382,3,0.8695652173913043,3.0434782608695654,0.7116935,0.67540324,0.7358871,0.35887095,tiktok:000132,tiktok,f9df61d9b34103c5b525cae7853db35b8c801d97f435933ba23ff0d82ac94f70
383,4,3.3816425120772946,1.932367149758454,0.8689516,0.73991936,0.80846775,0.7641129,tiktok:000133,tiktok,3c49d08bc178a3785d082f8c9640701186c47d93ffee440bf24be81857c6cf19
384,4,0.5730659025787965,1.7191977077363896,0.36895162,0.2358871,0.35282257,0.73185486,tiktok:000134,tiktok,58549295f63b5f2e5d2a24b58ee863f90bdb55407e46c5d4401a81e2aa28b918
385,3,2.3529411764705883,2.3529411764705883,0.07862903,0.028225806,0.08266129,0.31048387,tiktok:000135,tiktok,e7a2d28ecc71a56c9b96fc1e824ad90b9070f0ab7acb208d47d40e43c32ff268
386,4,1.342281879194631,2.684563758389262,0.24798387,0.2842742,0.3044355,0.19758065,tiktok:000136,tiktok,2cb843180a45f24dc50955225be9c803bd06aa77c5ee94d2f0acb4d802191cde
387,4,3.493449781659389,3.056768558951965,0.8810484,0.8770161,0.8830645,0.31048387,tiktok:000137,tiktok,aa6325e4c490b7020f81442d26ad185912ebef3b93593697be0a805edd694c56
388,4,3.3707865168539324,1.6853932584269662,0.578629,0.59879035,0.6310484,0.35887095,tiktok:000138,tiktok,ea756d7c0047546562415fee3082dabd796fa7e83a3170b386ca5ded28831329
389,4,2.5157232704402515,5.660377358490566,0.5080645,0.1875,0.44959676,0.3326613,tiktok:000139,tiktok,978b43f1773c4f5ccaf457e0d4f5ea828ca613e855a2d49cd51b6416ac9ceaca
390,4,0.0,0.8264462809917356,0.51814514,0.26008064,0.46975806,0.16330644,tiktok:000140,tiktok,985a71546bafa417aaea261669b3fbb3e154d4a7e9d21ce83a08c89587f6477f
391,4,1.0204081632653061,1.0204081632653061,0.10685484,0.13508065,0.08669355,0.12298387,tiktok:000141,tiktok,8b65c69c5969f15af6a0f576810aa9b2ee6f112ffbdadf1764fc65648d6b54cf
392,3,3.278688524590164,5.46448087431694,0.5604839,0.52620965,0.61491936,0.17137097,tiktok:000142,tiktok,155c48fd4bada8a99ba288454632c1a5c3d7e52ae423ba6735a74d094fb091cb
393,4,1.075268817204301,0.0,0.51814514,0.36491936,0.6391129,0.08064516,tiktok:000143,tiktok,a01c947dabe56b73d1a9ba1f7b0cccd273d565b3f74f5322712b740270a4bd1e
394,3,2.962962962962963,1.8518518518518519,0.13104838,0.06451613,0.14717741,0.68346775,tiktok:000144,tiktok,f6fbd1bb75ea93bfc57791385105f50b28b3c5624860041c319ad2513189d7d2
395,3,0.8571428571428571,4.571428571428571,0.60685486,0.6028226,0.5423387,0.8810484,tiktok:000145,tiktok,222bb111200d3721dce95aba7d6810137e2e47cc5588dead52176dcae48c6028
396,3,2.9213483146067416,2.0224719101123596,0.76814514,0.7721774,0.8326613,0.9072581,tiktok:000146,tiktok,462ff44987e491fcffe8056fd0460bf884e81e633ceb1ce666c517b1739da055
397,4,0.0,1.941747572815534,0.30846775,0.3125,0.36895162,0.058467742,tiktok:000147,tiktok,abf9be05550c086cb26fbe6954992fd7ed09194a246f410cd3f327f4cee9905e
398,4,1.079136690647482,0.7194244604316546,0.52620965,0.5302419,0.48991936,0.27217743,tiktok:000148,tiktok,e3da2f0844c0f1037a2de700c362604f7f768e597d6616e13c84db2281f5c60d
399,4,2.4691358024691357,2.4691358024691357,0.921371,0.92540324,0.891129,0.008064516,tiktok:000149,tiktok,7d1d5686b6052dca83b9c6a5518dd5605e51558cfb3324178bf6b4d9d4d7a4a1
400,3,2.6785714285714284,1.7857142857142858,0.44758064,0.38104838,0.39314517,0.45362905,tiktok:000150,tiktok,a98dce4d2ed68eabbf4c8eac4432f5fba1ebb035b6e72f2b128e5eee1da7633e
401,3,0.5154639175257731,2.577319587628866,0.80040324,0.86491936,0.6955645,0.38104838,tiktok:000151,tiktok,0085cbf0909057848a886280efd0274f034e42213cccbf7df4a3ef5958942805
402,4,1.8072289156626506,1.8072289156626506,0.034274194,0.088709675,0.09072581,0.43145162,tiktok:000152,tiktok,98138b757e49e035006b2edc8537c1b34ac60a259fc49a50945d633dbead9f39
403,4,2.4464831804281344,2.140672782874618,0.28024194,0.17137097,0.28830644,0.6310484,tiktok:000153,tiktok,7229dee3d8f0a26cf28678c86a32b79650d5ca96d34faf617dc02831c75e7cf6
404,4,1.694915254237288,2.2598870056497176,0.39314517,0.46169356,0.3407258,0.7923387,tiktok:000154,tiktok,fbbf1aa80f11f50836a9784b4a4dfc74bbe9fe942172202418500361f0ba4a28
405,4,0.8417508417508418,1.6835016835016836,0.1391129,0.11895161,0.13306452,0.9576613,tiktok:000155,tiktok,d10764569bb1318e2e3cbb6d27c4b8fe734790f4cd76e0212a59a054bad2b473
406,3,3.0,2.25,0.3326613,0.48387095,0.39717743,0.9173387,tiktok:000156,tiktok,92afa8e3fd22d2d3076ff5957454fba35767aa3f7c7a6c6ebef52e5076980015
407,3,2.1653543307086616,1.968503937007874,0.51814514,0.7076613,0.49798387,0.9939516,tiktok:000157,tiktok,07ff75b34519935a000cd1f401113101e0cf02f3e15f6119a8a477d18cffe1dd
408,4,1.7621145374449338,1.1013215859030836,0.41129032,0.46774194,0.4092742,0.9435484,tiktok:000158,tiktok,b68454923a21a0fe7c1f43b15c37425ea8bba2fcdacbeb93ec24ea5885166315
409,4,5.769230769230769,0.0,0.44758064,0.4576613,0.3608871,0.13508065,tiktok:000159,tiktok,d4f648be713507902cc99efaf926a4fe4dbe06c71e66d9e6aad168114d6471c3
410,4,2.030456852791878,1.7766497461928934,0.8366935,0.93346775,0.6875,0.7842742,tiktok:000160,tiktok,50cd6c8142eb8dcdfffebee24f69a0d547822b01e6dcf1c77eea9798199cf19d
411,4,2.416918429003021,0.9063444108761329,0.5604839,0.49395162,0.5907258,0.6028226,tiktok:000161,tiktok,8b31d0e02a9f5a58f11bf148786d53ec9f7992d101633fece815464df14f7238
412,3,0.6756756756756757,2.7027027027027026,0.19153225,0.28830644,0.1391129,0.14516129,tiktok:000162,tiktok,d6c5ddaae98dd077068af9f488db62db471327be92b4a4ce060e114c0f8027ff
413,4,1.9553072625698324,1.1173184357541899,0.15927419,0.2701613,0.098790325,0.6471774,tiktok:000163,tiktok,5da062e608d5361be2d1c8eece1a1f7f504782a4565aa185fb6e696f6584942b
414,2,2.985074626865672,1.9900497512437811,0.20362903,0.2923387,0.1875,0.23387097,tiktok:000164,tiktok,86e61d2a9f1d22f00c0128413273e791dec4d6dbe140039f156738c0a1e3c65d
415,4,0.8888888888888888,0.8888888888888888,0.24395162,0.30846775,0.11491936,0.5080645,tiktok:000165,tiktok,d2d9824a76b1c0eea321c0e51f754686c5abdaee582ffaadf766adf05ec8d2cf
416,4,0.6329113924050633,2.5316455696202533,0.8407258,0.8205645,0.7520161,0.15322581,tiktok:000166,tiktok,a5400559e08b3f9cce6587aa8f5b4c7e1d47e1f1b80d67b93463f58bf0cc5266
417,4,0.0,0.6289308176100629,0.37701613,0.37298387,0.27217743,0.27217743,tiktok:000167,tiktok,2808fbeadd894643df088a0df640c9ff3ac8676c32b12ac8671503da4c8ed6ad
418,4,1.5923566878980893,0.9554140127388535,0.46169356,0.4455645,0.52620965,0.8326613,tiktok:000168,tiktok,43ad8fc957bb0c165bbfe25bf3fa56219c1e39da0929d159e378820cd2c89131
419,4,1.7699115044247788,7.079646017699115,0.6532258,0.5383065,0.6794355,0.11290322,tiktok:000169,tiktok,02b053efab7cd04d68d9028cf4428bb7536f5c7d0dfe0a9907a61b086fe5d788
420,3,0.6451612903225806,1.2903225806451613,0.26008064,0.18346775,0.26814517,0.45362905,tiktok:000170,tiktok,c2e3f41e2aa03bdeaaa8c12a5822f6658971266428f0130f74449a1be840f7ab
421,4,0.4065040650406504,3.252032520325203,0.050403226,0.038306452,0.0625,0.47379032,tiktok:000171,tiktok,3c324d9af1003cf28c522734fde0fbaa39a2c2c05cb2e5da609dce292716fb6f
422,4,2.808988764044944,1.1235955056179776,0.6592742,0.703629,0.4455645,0.29637095,tiktok:000172,tiktok,940dc6e3eb9254e2e5f6f3bd56240a6a0ef3d0b59721ffd3c3aa9bf07f71cd15
423,4,0.3076923076923077,3.6923076923076925,0.12701613,0.22177419,0.14314516,0.8528226,tiktok:000173,tiktok,83b4495c39d2e5b17862973f0fdc8b34813ff767a4eabad4b1ec50a4e21c43aa
424,1,2.2346368715083798,1.675977653631285,0.002016129,0.006048387,0.010080645,0.43145162,tiktok:000174,tiktok,94c65006902644bcd212aa7cd0ae66eb07e2a994ce1e529f3c0b5b8e5d95f46c
425,3,2.1739130434782608,0.0,0.67540324,0.80846775,0.63508064,0.35887095,tiktok:000175,tiktok,3939b61e118f07d40b6fc2b05d1941d5d57599dd0fc3535835073f0516846e70
426,3,1.5015015015015014,1.8018018018018018,0.73185486,0.8528226,0.60685486,0.5342742,tiktok:000176,tiktok,1e31a7a941dc784541960dac2fb8cedb2f219e6eded46f5a689068c83f59377e
427,4,2.5906735751295336,1.8134715025906736,0.40524194,0.39314517,0.4657258,0.81653225,tiktok:000177,tiktok,6910b56183697aebeda8932d50d4fb3115227a860bad7b1b7d50a342be8f3af4
428,3,1.3333333333333333,0.5333333333333333,0.7520161,0.7802419,0.6108871,0.74596775,tiktok:000178,tiktok,41ca123572e653c7914e384b521ebc3a010432fa3e79698bc0ffaa672349356f
429,4,1.3559322033898304,2.3728813559322033,0.46975806,0.32862905,0.34879032,0.5907258,tiktok:000179,tiktok,7473f1c2537c6d4c6da3690032140938383fd87861ae31adae795a6e77a29e0a
430,3,2.7027027027027026,4.324324324324325,0.3205645,0.49798387,0.44153225,0.6310484,tiktok:000180,tiktok,0cd2ffce4094c1bf2d72afa55f75dd878b95581387fe48e894e9cd32a5b1cfbf
431,4,3.133159268929504,1.566579634464752,0.703629,0.84879035,0.7923387,0.83870965,tiktok:000181,tiktok,0540ef29aac9fec723273894e93ce0a083ad4bfa4d179b564bc741f3bff1003e
432,3,1.7391304347826086,2.028985507246377,0.38508064,0.41330644,0.37701613,0.7157258,tiktok:000182,tiktok,5532eba58307f4f6ef6b3890d2d85e2b2290810e23281faa8cec41595ef57f88
433,3,3.058103975535168,1.2232415902140672,0.43951613,0.4294355,0.42137095,0.5907258,tiktok:000183,tiktok,dcf00fa107e8a5cc1babf07d9e420416d3d4c671da51da541cdbee5ebc05d46f
434,4,1.6,0.8,0.0625,0.06451613,0.09475806,0.14516129,tiktok:000184,tiktok,c844e86164be3e1f91028e2a6629c74d8258292393ff04838bd63f4ded4e8a20
435,4,2.277904328018223,2.050113895216401,0.43951613,0.3205645,0.40120968,0.7016129,tiktok:000185,tiktok,710b92b9685db479e01098445d9d7bd625b3bc5570a97ccf679e55eb667f87bb
436,3,0.425531914893617,2.5531914893617023,0.4576613,0.51814514,0.38508064,0.66129035,tiktok:000186,tiktok,601552fc2c854d7cae7c40375ac013d89dd4af49afdb22971e404aa5a382605f
437,2,3.585657370517928,2.7888446215139444,0.3407258,0.2641129,0.30846775,0.578629,tiktok:000187,tiktok,207613f494dec5b7cc96d6da0e64d697025cfae1bb5a526c188e2f7b69c3b519
438,3,1.8475750577367205,4.387990762124711,0.098790325,0.110887095,0.06653226,0.92540324,tiktok:000188,tiktok,ccadd97fcebdaceb8d18850b11e592ffa4b96aa9ba85807fa3e2b6fc109f3260
439,2,1.1494252873563218,2.681992337164751,0.30040324,0.578629,0.32459676,0.5423387,tiktok:000189,tiktok,ef98aa16803f39f05965358db79e2a51fe939d72fe17ed39b4c6e2f4924bc0c6
440,3,0.0,4.40251572327044,0.37298387,0.56653225,0.47379032,0.44354838,tiktok:000190,tiktok,e60e782fd6fa723c668ee139b3c76f6beddb1ccdf26c64f11ce568c09841ad2b
441,3,2.6315789473684212,1.3157894736842106,0.14314516,0.14314516,0.20362903,0.08064516,tiktok:000191,tiktok,990075d02ea4dd335ac0a6d54309d22f5b08992883f89d61d5e25eabe6077602
442,4,1.6574585635359116,2.7624309392265194,0.22782259,0.29637095,0.17137097,0.43145162,tiktok:000192,tiktok,2fd9322ee49574ee8258e4b5a5c3a051d1b0c1c6a87540e6acf5bd90e8174e65
443,3,0.5882352941176471,0.5882352941176471,0.7217742,0.72379035,0.703629,0.39919356,tiktok:000193,tiktok,25a144ef84dadf3d8721c167d10760c72a802309cfbaec38e27b686587d90366
444,3,0.5347593582887701,1.4260249554367201,0.7721774,0.7358871,0.6592742,0.9435484,tiktok:000194,tiktok,7f13b31770cd8f9f816c9a017c4b6a5f27da15a22f6fd22d6c8c6b9560db8a26
445,1,2.3054755043227666,2.5936599423631126,0.022177419,0.10685484,0.030241935,0.8205645,tiktok:000195,tiktok,f80d33d8130687b06dea4b6a44636cdf1d5e177b62f021670b5b8f8c1c90143e
446,3,1.4705882352941178,2.450980392156863,0.5423387,0.61491936,0.546371,0.4919355,tiktok:000196,tiktok,0e2243cc44aa1a4bd87ac11a8e4be1e4e13951b8448bad3e06aef774950ac4eb
447,1,3.389830508474576,1.694915254237288,0.3044355,0.15524194,0.25604838,0.38104838,tiktok:000197,tiktok,ce5f4900f1c956642412c438d6ff1f15c0b41cd817a8c0f23b92aa5178d2a21b
448,3,1.680672268907563,2.5210084033613445,0.030241935,0.038306452,0.01814516,0.058467742,tiktok:000198,tiktok,03ac89013335a423570ea73d6dac0e226f08fb7fcfcf8162c5c3f20ff1268d56
449,3,1.3916500994035785,1.9880715705765408,0.026209677,0.11895161,0.026209677,0.9072581,tiktok:000199,tiktok,a657b40153d0c3eb352d4b99aeda0389c8481b072f1f02e88c632a6af526eeb6
450,4,0.7246376811594203,1.2681159420289856,0.35685483,0.42540324,0.2923387,0.9858871,tiktok:000200,tiktok,c6167ad8b71b28a59d962ae2b71cf888323def040167849a290acf0b9f79b015
451,4,0.36363636363636365,3.272727272727273,0.16330644,0.17943548,0.17540322,0.6471774,tiktok:000201,tiktok,5aa2688364eb5ed2c284ae3f069e83b2821cf70ed75543b84f44c1a900fb5b71
452,4,0.9090909090909091,1.8181818181818181,0.5947581,0.60685486,0.7278226,0.55241936,tiktok:000202,tiktok,cdaa39c03a173ca624e4b25fdfbbe75b494e576430cc54efd9f5733f21d3345f
453,3,1.7605633802816902,3.1690140845070425,0.59879035,0.69959676,0.8326613,0.8266129,tiktok:000203,tiktok,97bd0ab9e34fc1a0becd60954122c5d0d8d8ce12b12fd254baa029edb6835afc
454,4,2.380952380952381,1.5873015873015872,0.06653226,0.038306452,0.07862903,0.7258065,tiktok:000204,tiktok,d7b4bc28eb0cc7130303b8d3a4e8716d8437722ca97fb428e6191980dc556a95
455,4,0.6097560975609756,3.658536585365854,0.5342742,0.55846775,0.73991936,0.29637095,tiktok:000205,tiktok,67b0e441a5ddc2d4f1ffcb075c5e88a4812b44e03a7be81a58682f0b9d87e27f
456,4,0.8,1.6,0.7076613,0.921371,0.7439516,0.8608871,tiktok:000206,tiktok,4053a38a3e3c2ece67bee10c58fbde0e39b68af508123d2dc5599a8ebe9e2ed9
457,4,0.6211180124223602,3.1055900621118013,0.48991936,0.5423387,0.47782257,0.25,tiktok:000207,tiktok,28355b920ccb884867918758ac2c338421a6bd770461faf3f9f7c711eafdb1eb
458,4,1.4836795252225519,1.7804154302670623,0.29637095,0.36491936,0.34475806,0.8891129,tiktok:000208,tiktok,e7c7f2bdd8fd5502eebc213361a21450f644b96d23e22a62d86b8f52fd12718b
459,3,3.206997084548105,3.206997084548105,0.671371,0.68346775,0.5947581,0.921371,tiktok:000209,tiktok,ae1ef9181e26eb2710691f567e5e10046af951da5d02493077185ed25d48575f
460,3,1.2605042016806722,2.9411764705882355,0.2923387,0.31653225,0.4294355,0.83870965,tiktok:000210,tiktok,b51e1e68aeddf0a223cbd8a09631afd038506ac01e10b48e049a4812835ab646
461,3,2.594810379241517,3.592814371257485,0.8971774,0.9455645,0.91935486,0.9072581,tiktok:000211,tiktok,f29fbe67d5c58947b3977a249e96d70174dda6ca38376eaac3565a2541cf13c2
462,4,0.5934718100890207,3.857566765578635,0.08266129,0.16129032,0.054435484,0.5645161,tiktok:000212,tiktok,825da639a29f585845e314bb36c34ef97aee920c029afc0638edc6d0421ebce9
463,4,6.338028169014085,0.704225352112676,0.9858871,0.9939516,0.9798387,0.21169356,tiktok:000213,tiktok,9ce42f6888fc3078bcdd1ea2e4233665c36f6f01cfda881e75192d6e9a65722b
464,2,0.9345794392523364,3.7383177570093458,0.94959676,0.9294355,0.81653225,0.27217743,tiktok:000214,tiktok,bd05afff807ed71ad95e5b66c15e66591bab80912024b74acded03c67e3390ff
465,3,1.910828025477707,3.1847133757961785,0.41129032,0.4092742,0.40524194,0.26008064,tiktok:000215,tiktok,d341f89bceb99bf393a0b51fc46d250ecc846401c1895322031937020c669e00
466,4,2.643171806167401,2.202643171806167,0.34475806,0.43951613,0.33669356,0.8669355,tiktok:000216,tiktok,38534dcaabcb2f9ba41de039a712ef58b3fb3efc873f6903ca9cc26466dac228
467,4,1.1406844106463878,1.520912547528517,0.8608871,0.85685486,0.8326613,0.9939516,tiktok:000217,tiktok,51b1cc873ddfc2fbb58893d6b3b291103c3846dd504201ccc470dc72d24b892a
468,3,2.413793103448276,1.3793103448275863,0.1875,0.5141129,0.24798387,0.68346775,tiktok:000218,tiktok,e8f7a234575e5ec68842c95975cf776ea2700ce46a20c5c73f92678971e5dff8
469,4,1.4705882352941178,1.7156862745098038,0.07459678,0.048387095,0.058467742,0.6169355,tiktok:000219,tiktok,8aa5b5f1a7e041acbb1f1c6f8c36e9bae8e31d071a62075a8a09a881dca87668
470,3,2.2916666666666665,0.4166666666666667,0.31653225,0.38508064,0.25201613,0.9778226,tiktok:000220,tiktok,27059ce09200ff170a95180725b64fe5b0ecb53dd8c306b374a345a35dc36d04
471,4,0.9478672985781991,0.0,0.2641129,0.16129032,0.3125,0.51814514,tiktok:000221,tiktok,3306be75b71508dbc0768ba31cb520f7d702a8a3d5db83f28f2d56d0a5296b69
472,4,0.5025125628140703,1.0050251256281406,0.18346775,0.24798387,0.32862905,0.75403225,tiktok:000222,tiktok,fa0ab6f5a6292eed6772482cb484d0fffed1606d5cc51d5d1dad2a957f20a8c4
473,4,2.0547945205479454,0.0,0.17540322,0.48991936,0.22782259,0.28629032,tiktok:000223,tiktok,1a36a5437c6a26bd8081ec6c565d9e8d07831aee19ca9a16c73806b6673b3a04
474,4,2.3032629558541267,1.5355086372360844,0.5383065,0.65120965,0.5705645,0.97379035,tiktok:000224,tiktok,cfd8ea4765e0a1910027b0a6dd9c54d379b68de4bca3a2322193f42948b848e8
475,4,1.7045454545454546,1.1363636363636365,0.12298387,0.09677419,0.110887095,0.28629032,tiktok:000225,tiktok,c3b83ec3f1109587cb9c36eb850a869185a568a50b241da382ee02328a736e0c
476,4,0.0,0.0,0.11491936,0.028225806,0.11895161,0.008064516,tiktok:000226,tiktok,92d5d65b23c4f2bd7af1ed13c96800f9ddcdd0d97011795f796acd22334de8cc
477,3,2.734375,1.171875,0.3125,0.3044355,0.26008064,0.29637095,tiktok:000227,tiktok,523c4ddee0088af82113536100fd7a4dd4112847f30e5ea932b3590d94761d18
478,4,0.7299270072992701,0.7299270072992701,0.6532258,0.9616935,0.87096775,0.66129035,tiktok:000228,tiktok,4b9ddec891eae36d3c72ca497cc90bc1247c6ebbd1312792bc819863d0848d4f
479,1,0.37593984962406013,5.639097744360902,0.34879032,0.89314514,0.7479839,0.6471774,tiktok:000229,tiktok,1fc8f936abb06798fdb84965d24c3e57886b8a34a3550fb88de86f307a372a36
480,4,2.5316455696202533,5.063291139240507,0.69959676,0.9173387,0.9314516,0.8669355,tiktok:000230,tiktok,aa91e3c4f45793b9bbcd0905214ea6f278c360239dfb7b2d22db9073cc3b3337
481,2,2.7027027027027026,2.1621621621621623,0.070564516,0.1391129,0.15927419,0.23387097,tiktok:000231,tiktok,67a8f5a4bb255933869c3468b3642b66a0879d109e3223aeaeb12a46de7aeaae
482,3,3.0701754385964914,1.7543859649122806,0.10282258,0.07862903,0.13306452,0.3326613,tiktok:000232,tiktok,d8553f44df337339d4a2e2fb306336cf3d80454411aae4d6dc3b78929c12dd7d
483,1,1.1049723756906078,3.314917127071823,0.32862905,0.7157258,0.35685483,0.25,tiktok:000233,tiktok,ed3e2c2dfcdd58db1b8a95c9d1451abac031b672587522274f32750224ee5cbf
484,1,0.9615384615384616,5.288461538461538,0.17137097,0.28024194,0.19959678,0.8125,tiktok:000234,tiktok,620a2d4408bf997f04545647e686d3fe4fc188b4014c980386754ed9e66c30aa
485,3,4.587155963302752,4.587155963302752,0.953629,0.9576613,0.9455645,0.044354837,tiktok:000235,tiktok,38a35a69c7dc6536245de7a2cd34e075a9f87ea3f4e3c92fb7dbf8b3556464e4
486,3,0.6289308176100629,1.2578616352201257,0.2358871,0.30040324,0.21975806,0.3326613,tiktok:000236,tiktok,a6097344c7dea6c27034e1ac38dfbcb13ac61248aaac9f269cf7b46c4d452a9d
487,3,1.646090534979424,2.880658436213992,0.35282257,0.5221774,0.43346775,0.578629,tiktok:000237,tiktok,f63a39be4613aadaf084075747fa5b13381fd9f02ea26d780edddfa40d66cf3d
488,4,1.0638297872340425,0.60790273556231,0.28830644,0.23991935,0.23185484,0.9657258,tiktok:000238,tiktok,6062ef00ded55f54cfdf160d02292b72a5f7287442ecda13167bef6e3754d96d
489,3,2.2900763358778624,0.0,0.006048387,0.022177419,0.014112903,0.19758065,tiktok:000239,tiktok,b6ad5de318ce56d5c4ecf469cacac062eb931c2676c7136e2686d1246e5f4b89
490,4,2.0408163265306123,4.489795918367347,0.3891129,0.2701613,0.2842742,0.35887095,tiktok:000240,tiktok,8aee11cf8da9af9241b0514b319f2d9e128a082bf9b148dca58a2f443eb29ae1
491,4,1.25,3.75,0.49395162,0.48387095,0.4858871,0.47379032,tiktok:000241,tiktok,1508850d41c0fdb672d15a127c9557e7fce248410db88aeabe2f1e160dca690c
492,4,1.5444015444015444,0.3861003861003861,0.01814516,0.06451613,0.006048387,0.27217743,tiktok:000242,tiktok,c6d69ea0440bd65d8ad0f9890add5cd1f0d55a816e1341b4232b6a861c1580d4
493,3,0.6896551724137931,0.6896551724137931,0.63508064,0.5866935,0.5060484,0.47379032,tiktok:000243,tiktok,c12f3c9e35473dddf84c0c14ca1c539dce796bc0f5baf6b1c5c3d5e0cb345de0
494,4,1.048951048951049,1.048951048951049,0.038306452,0.048387095,0.022177419,0.9294355,tiktok:000244,tiktok,891eb4e831809e5db78e93772c0b3eef3a284637bf01655d34064a4bb5cbf75a
495,3,2.108433734939759,0.9036144578313253,0.6391129,0.46774194,0.6189516,0.671371,tiktok:000245,tiktok,1b7f1414f9b97c311eabc458812178ef9c5bd2d8fc9a2cd9080941138aca22c8
496,4,1.550387596899225,0.7751937984496124,0.13508065,0.11895161,0.10282258,0.38104838,tiktok:000246,tiktok,50dd4340d54dae0d4f2cd77601406343a93854e01700c1c1a718665d882e6741
497,4,2.5236593059936907,1.5772870662460567,0.010080645,0.016129032,0.002016129,0.8467742,tiktok:000247,tiktok,91b21a7d5fa8b6a40425abeba8666a7bc1c0091c7a6dbb4a9e58def128c529b8
