row_index,label,certainty_score,hedge_score,log1p_likes,log1p_comments,log1p_views,log1p_duration_sec
0,2,0.9803921568627451,4.901960784313726,8.616857514529183,5.049856007249537,11.680632413394541,3.6375861597263857
1,3,0.0,0.975609756097561,12.102832103361967,8.644882552557126,15.061747995706387,4.127134385045092
2,4,1.951219512195122,1.4634146341463414,10.340128278112742,7.490529402060711,13.516725744222754,4.31748811353631
5,1,1.8867924528301887,0.0,10.275809442051038,7.16703787691222,14.24213227827799,3.1780538303479458
6,4,2.6595744680851063,2.6595744680851063,9.943813424007693,7.083387847625295,12.56760676453237,4.31748811353631
8,1,0.0,5.084745762711864,10.179830580317915,7.583756300707112,13.979847184449474,3.713572066704308
9,3,1.1976047904191616,1.7964071856287425,11.205258348585364,7.257707677160043,13.88373820340711,3.9318256327243257
10,4,3.045685279187817,2.5380710659898478,9.069122370060645,6.285998094508865,11.992192307870049,4.2626798770413155
11,2,0.9578544061302682,0.5747126436781609,5.6937321388027,2.8903717578961645,8.378390788535778,4.852030263919617
12,2,0.0,4.972375690607735,5.3612921657094255,2.70805020110221,9.653229708730347,4.110873864173311
13,3,1.2048192771084338,3.0120481927710845,9.0217190130337,5.857933154483459,12.480680876544632,4.110873864173311
14,2,0.6060606060606061,2.4242424242424243,10.126751096650914,6.946013991099227,13.335320826073385,4.110873864173311
15,1,2.34375,0.0,1.791759469228055,0.0,5.393627546352362,4.0943445622221
17,1,0.7518796992481203,1.8796992481203008,4.143134726391533,1.791759469228055,6.806829360392176,4.110873864173311
18,1,2.255639097744361,2.255639097744361,2.0794415416798357,0.0,4.770684624465665,3.9512437185814275
19,1,0.0,0.0,7.687080155783135,4.060443010546419,11.54879441338447,3.4657359027997265
20,2,0.0,1.9455252918287937,8.896588071791218,5.476463551931511,11.893681127013005,4.61512051684126
21,2,0.0,8.24742268041237,10.119888422982946,6.588926477533519,13.067695976062021,3.4339872044851463
22,3,2.5641025641025643,2.5641025641025643,10.851083134238696,6.922643891475888,13.970824846250833,3.713572066704308
23,3,2.027027027027027,1.6891891891891893,10.581850990103325,7.3453648404168685,13.078181578390055,4.6443908991413725
25,1,1.8987341772151898,3.7974683544303796,7.02197642307216,3.367295829986474,9.669472621333282,4.007333185232471
27,1,4.819277108433735,0.0,3.332204510175204,0.0,7.502738210754851,3.8066624897703196
28,3,2.0833333333333335,1.0416666666666667,4.927253685157205,1.9459101490553132,7.29505641646263,4.0943445622221
29,2,0.0,1.6042780748663101,7.366445148327599,3.6888794541139363,10.196194479235656,4.07753744390572
30,4,0.0,3.3057851239669422,6.364750756851911,2.6390573296152584,9.36314729221994,4.07753744390572
31,1,0.5235602094240838,4.18848167539267,3.367295829986474,0.6931471805599453,7.653494909661253,4.532599493153256
32,1,0.6329113924050633,1.2658227848101267,5.5254529391317835,3.5553480614894135,9.472012088995733,3.784189633918261
33,1,0.0,5.434782608695652,8.333270353255308,5.204006687076795,11.7968705636251,3.7612001156935624
34,3,0.5813953488372093,2.9069767441860463,7.462789157412448,3.871201010907891,9.84977027003014,4.04305126783455
35,1,2.4574669187145557,1.5122873345935728,5.605802066295998,1.3862943611198906,7.606387389772652,4.897839799950911
36,2,3.041825095057034,1.1406844106463878,10.341000272613067,8.633731007664188,13.370422735911337,4.51085950651685
37,3,3.5714285714285716,1.7857142857142858,3.4657359027997265,0.0,7.331714969726466,3.295836866004329
38,2,0.8130081300813008,0.8130081300813008,6.51471269087253,3.1780538303479458,10.027782671807735,4.110873864173311
39,3,2.2831050228310503,2.2831050228310503,4.700480365792417,3.828641396489095,9.651365655482898,4.04305126783455
40,4,1.8691588785046729,0.0,3.044522437723423,3.367295829986474,6.674561391814426,3.2188758248682006
41,4,4.1450777202072535,3.1088082901554404,5.6240175061873385,5.288267030694535,9.080801000621198,4.02535169073515
42,1,1.530612244897959,0.5102040816326531,2.0794415416798357,1.0986122886681098,6.091309882077698,4.127134385045092
44,1,0.8403361344537815,5.042016806722689,6.9584483932976555,2.833213344056216,9.908276069267925,3.6635616461296463
45,1,2.6315789473684212,2.1052631578947367,7.300472814267799,4.007333185232471,9.834083882397248,4.02535169073515
47,3,1.675977653631285,1.675977653631285,8.607033895416027,5.123963979403259,11.692944372701508,3.970291913552122
48,2,0.9852216748768473,4.433497536945813,8.712595487748722,5.043425116919247,11.515552012572108,4.127134385045092
49,1,1.2195121951219512,6.097560975609756,3.8066624897703196,1.6094379124341003,8.010027528481734,3.258096538021482
50,1,0.9900990099009901,0.0,2.4849066497880004,1.3862943611198906,7.02108396428914,3.713572066704308
51,2,1.3513513513513513,3.3783783783783785,6.154858094016418,2.995732273553991,9.004299728561636,3.9318256327243257
52,3,1.8404907975460123,3.067484662576687,6.336825731146441,2.5649493574615367,9.202005735186125,3.912023005428146
54,1,1.1764705882352942,3.5294117647058822,7.2813856635702825,4.543294782270004,11.433492571322319,3.4657359027997265
55,1,3.2967032967032965,4.395604395604396,8.685922794690725,4.553876891600541,12.746045336300952,3.4011973816621555
56,4,4.37956204379562,1.4598540145985401,10.366812680153265,6.272877006546167,13.13245627235218,3.4965075614664802
57,1,1.2987012987012987,3.896103896103896,8.4906438561827,0.0,12.67336635626127,3.784189633918261
59,3,0.6535947712418301,1.9607843137254901,9.931686206894806,6.306275286948016,12.451517660231815,3.970291913552122
60,3,0.49504950495049505,4.455445544554456,8.149890544402423,4.5217885770490405,11.338095773934569,3.9889840465642745
62,2,0.5555555555555556,0.0,9.647562511697538,5.537334267018537,12.578646036735433,4.007333185232471
63,3,1.8987341772151898,2.848101265822785,4.59511985013459,1.3862943611198906,7.1853870155804165,4.442651256490317
64,1,0.5376344086021505,0.5376344086021505,3.713572066704308,0.0,6.914730892718563,4.0943445622221
65,1,1.0526315789473684,1.0526315789473684,2.1972245773362196,0.0,6.20050917404269,3.5553480614894135
66,1,3.0303030303030303,2.272727272727273,1.6094379124341003,0.0,4.060443010546419,3.912023005428146
67,2,2.952029520295203,2.952029520295203,10.628036496235605,7.980707820869669,13.612141447274494,4.31748811353631
68,2,2.73972602739726,0.684931506849315,1.6094379124341003,0.0,5.455321115357702,4.1588830833596715
71,1,2.0689655172413794,3.4482758620689653,2.302585092994046,0.6931471805599453,6.854354502255021,3.8918202981106265
73,1,0.5291005291005291,2.1164021164021163,8.537779825024625,5.768320995793772,12.63201988857899,4.110873864173311
74,3,0.0,0.8620689655172413,8.736328721332908,5.43372200355424,11.887986346900053,3.9889840465642745
75,4,1.6,2.4,5.537334267018537,1.9459101490553132,8.873187904050106,4.174387269895637
77,1,0.0,1.075268817204301,6.6052979209482015,2.1972245773362196,10.75442876783813,4.31748811353631
78,3,1.5873015873015872,3.1746031746031744,0.6931471805599453,0.0,4.74493212836325,3.9889840465642745
79,1,2.586206896551724,4.310344827586207,8.724857555881988,5.1647859739235145,11.93975407308199,4.07753744390572
80,2,2.380952380952381,2.1645021645021645,6.274762021241939,2.833213344056216,8.889170455363413,5.170483995038151
81,4,0.0,2.3529411764705883,3.044522437723423,0.0,6.876264611890766,3.367295829986474
83,3,0.0,2.973977695167286,5.14166355650266,2.6390573296152584,7.353081920515432,4.844187086458591
84,1,0.0,2.4390243902439024,8.121777419161074,4.634728988229636,11.863955506383506,3.8918202981106265
85,1,0.0,3.592814371257485,8.36240897761537,4.74493212836325,10.774864596986772,4.110873864173311
87,2,0.6024096385542169,2.4096385542168677,9.200189020919808,5.375278407684165,11.886769178488306,4.0943445622221
89,3,2.5,4.166666666666667,9.321165927065067,5.926926025970411,12.09029135504443,4.174387269895637
91,3,1.2195121951219512,2.4390243902439024,6.964135612418245,3.713572066704308,10.42088155718015,3.4965075614664802
92,3,3.4482758620689653,0.5747126436781609,5.049856007249537,1.791759469228055,8.553910774351401,3.7612001156935624
93,3,0.0,0.0,9.342946336524205,5.537334267018537,12.836924121291949,3.6375861597263857
94,2,4.761904761904762,2.6455026455026456,7.957877358489813,4.465908118654584,11.204686881123047,4.02535169073515
96,1,4.361370716510903,3.7383177570093458,4.7535901911063645,1.3862943611198906,8.962904128092928,4.795790545596741
98,3,1.680672268907563,1.680672268907563,6.1092475827643655,3.871201010907891,9.838148711227788,4.127134385045092
99,3,1.4598540145985401,0.0,7.6984827878809465,3.295836866004329,10.97243069954219,4.0943445622221
101,3,1.2195121951219512,0.0,6.855408798609928,3.4011973816621555,10.465927919019618,3.5263605246161616
102,3,1.9607843137254901,0.6535947712418301,8.248790733696413,4.990432586778736,11.379691171064653,3.912023005428146
104,3,0.7246376811594203,2.898550724637681,6.591673732008658,2.4849066497880004,9.96688479766592,3.8066624897703196
105,2,2.491103202846975,2.491103202846975,3.295836866004329,1.0986122886681098,8.049107721326406,4.718498871295094
108,1,2.7777777777777777,3.4722222222222223,5.556828061699537,3.044522437723423,9.527338498762017,3.7612001156935624
109,4,0.0,3.3333333333333335,6.395261598115449,2.0794415416798357,9.897720957641791,4.110873864173311
110,2,1.4492753623188406,1.4492753623188406,4.110873864173311,2.1972245773362196,8.817742129574842,3.258096538021482
111,2,2.1390374331550803,1.0695187165775402,2.9444389791664403,0.0,7.804659297056102,4.727387818712341
112,1,1.9607843137254901,1.4705882352941178,6.767343125265392,3.2188758248682006,9.989114638503565,4.0943445622221
113,3,3.3557046979865772,0.6711409395973155,9.474779405697564,6.013715156042802,12.072878338942912,3.8918202981106265
116,1,5.238095238095238,2.857142857142857,4.543294782270004,1.0986122886681098,8.425077902508432,4.204692619390966
117,2,0.45662100456621,0.45662100456621,7.70210434005105,4.189654742026425,10.735004402360845,4.110873864173311
118,3,1.408450704225352,2.112676056338028,6.778784897685177,4.442651256490317,11.16129491949047,3.8066624897703196
119,4,1.3888888888888888,0.3472222222222222,5.676753802268282,2.5649493574615367,8.6278397115033,4.430816798843313
121,1,2.380952380952381,1.9841269841269842,8.793915423631676,5.602118820879701,11.483022803615915,4.1588830833596715
122,1,0.8,3.2,4.74493212836325,1.3862943611198906,8.864746660905409,3.6375861597263857
123,1,3.4722222222222223,2.7777777777777777,9.67363403969682,6.371611847231857,12.237924932229292,3.6109179126442243
125,3,0.7575757575757576,2.272727272727273,6.827629234502852,2.995732273553991,9.772068213669293,3.784189633918261
126,3,1.5873015873015872,1.0582010582010581,10.024598378285186,5.4510384535657,12.40081260708788,4.110873864173311
127,2,0.0,0.0,5.793013608384144,3.091042453358316,9.423595190540022,3.9318256327243257
128,2,0.411522633744856,4.11522633744856,6.363028103540465,3.2188758248682006,9.764225485202621,4.04305126783455
129,3,1.075268817204301,1.075268817204301,7.829630389150193,4.499809670330265,11.131035271890433,3.4011973816621555
130,1,0.0,0.5154639175257731,5.886104031450156,3.1354942159291497,8.998631198287637,4.454347296253507
131,1,0.5952380952380952,1.1904761904761905,10.114194083746655,5.572154032177765,12.363614710959906,4.04305126783455
132,2,0.0,0.0,9.161045080251306,4.983606621708336,12.482938937735474,4.0943445622221
133,2,1.675977653631285,1.1173184357541899,6.595780513961311,3.2188758248682006,9.608915129379593,4.875197323201151
134,1,0.7751937984496124,0.7751937984496124,6.858565034791365,4.394449154672439,10.34441632491986,3.6109179126442243
135,3,0.6097560975609756,3.048780487804878,8.845633256340186,5.288267030694535,11.521458950988468,3.9889840465642745
137,2,0.0,3.1746031746031744,6.504288173536645,4.406719247264253,10.947115532871479,3.58351893845611
139,1,0.0,0.0,5.929589143389895,1.6094379124341003,9.029897050194,4.007333185232471
140,3,0.0,0.0,6.883462586413092,3.6888794541139363,10.207731713286888,3.9889840465642745
143,1,1.3157894736842106,3.9473684210526314,4.189654742026425,1.3862943611198906,9.188605879830176,4.189654742026425
144,3,0.0,0.7518796992481203,4.859812404361672,1.3862943611198906,8.301273485191347,3.912023005428146
145,1,0.0,1.408450704225352,7.691200097522863,4.174387269895637,11.027280139734536,3.4011973816621555
146,3,0.704225352112676,0.352112676056338,5.342334251964811,1.9459101490553132,8.28349412616251,4.189654742026425
147,1,3.7383177570093458,1.8691588785046729,7.333676395657684,4.584967478670572,10.36567949988784,4.127134385045092
148,2,1.465201465201465,1.8315018315018314,4.465908118654584,2.6390573296152584,8.37216741936598,4.61512051684126
150,3,3.5714285714285716,0.5952380952380952,7.0967213784947605,3.4965075614664802,10.11843762882181,4.3694478524670215
151,3,0.7092198581560284,0.0,7.544861068658458,5.402677381872279,11.671201907834636,3.912023005428146
152,3,0.0,0.0,7.880804344674901,3.1354942159291497,12.372230944481709,3.6375861597263857
153,1,6.030150753768845,3.5175879396984926,3.044522437723423,0.6931471805599453,7.824046010856292,4.219507705176107
154,4,2.232142857142857,1.3392857142857142,6.444131256700441,4.31748811353631,8.672999642554437,4.875197323201151
155,4,4.444444444444445,1.4814814814814814,3.8918202981106265,1.0986122886681098,7.566311014772463,3.871201010907891
156,4,0.0,1.0309278350515463,7.0326242610280065,3.5553480614894135,10.233186904869912,3.5263605246161616
157,2,2.803738317757009,0.0,8.007034012193408,4.04305126783455,11.473238243018637,3.258096538021482
158,2,0.0,1.2820512820512822,6.721425700790643,3.58351893845611,10.252876014423887,4.060443010546419
159,1,0.0,0.0,6.3818160174060985,2.0794415416798357,9.012986392348266,3.784189633918261
161,1,1.0471204188481675,1.5706806282722514,5.075173815233827,0.0,8.452761331256848,3.912023005428146
162,1,1.6736401673640167,4.602510460251046,6.761572768804055,3.4657359027997265,9.457590998633625,4.330733340286331
163,3,1.1494252873563218,1.7241379310344827,3.044522437723423,1.0986122886681098,5.7899601708972535,4.127134385045092
164,1,2.097902097902098,0.6993006993006993,8.01565761455734,4.418840607796598,11.152687036498403,4.110873864173311
165,1,0.47393364928909953,3.3175355450236967,4.8283137373023015,2.0794415416798357,8.057694194815587,3.9889840465642745
166,1,2.094240837696335,1.5706806282722514,5.860786223465865,2.1972245773362196,9.855242239908133,4.007333185232471
168,1,1.7857142857142858,0.5952380952380952,5.375278407684165,1.0986122886681098,9.438829609615144,3.8501476017100584
169,2,0.684931506849315,2.0547945205479454,6.882437470997847,3.4339872044851463,10.311649022192036,4.07753744390572
170,1,3.6144578313253013,4.417670682730924,7.017506142941256,3.58351893845611,9.883794919190391,4.430816798843313
171,1,2.9702970297029703,1.9801980198019802,7.621195162809845,3.970291913552122,10.416161467159736,4.30406509320417
172,3,1.4285714285714286,5.238095238095238,6.977281341630747,3.091042453358316,9.743201422602786,5.049856007249537
173,3,1.8018018018018018,1.8018018018018018,11.7968705636251,8.886270902072013,14.228238560618562,4.110873864173311
174,2,0.44052863436123346,0.8810572687224669,7.00669522683704,3.9889840465642745,10.114396566181995,4.127134385045092
175,2,1.834862385321101,1.834862385321101,1.0986122886681098,0.0,4.919980925828125,3.9889840465642745
176,1,0.0,0.0,0.0,0.0,6.752270376141742,3.8918202981106265
177,1,2.542372881355932,4.237288135593221,8.72518249495877,5.1647859739235145,11.940047688897595,4.07753744390572
179,1,3.1746031746031744,4.232804232804233,3.367295829986474,1.6094379124341003,7.115582126184454,4.127134385045092
181,2,2.484472049689441,4.3478260869565215,3.713572066704308,0.0,7.171656822768514,4.110873864173311
183,1,1.1976047904191616,5.9880239520958085,2.772588722239781,0.0,7.532088143541722,4.143134726391533
184,1,0.5128205128205128,3.076923076923077,8.79133399330135,5.093750200806762,11.486756012388323,4.174387269895637
185,3,0.0,2.150537634408602,5.905361848054571,0.0,9.34425918954197,4.204692619390966
186,1,0.0,0.0,3.5553480614894135,2.302585092994046,6.90875477931522,3.8501476017100584
187,1,0.0,3.278688524590164,2.0794415416798357,0.0,5.877735781779639,4.07753744390572
188,1,0.9950248756218906,3.9800995024875623,0.0,0.6931471805599453,5.356586274672012,4.3694478524670215
189,3,3.8095238095238093,2.857142857142857,5.799092654460526,1.3862943611198906,9.33970057728189,3.4657359027997265
190,4,2.272727272727273,0.0,7.469654172932128,4.418840607796598,10.918482697282624,3.2188758248682006
191,1,0.0,2.0618556701030926,3.258096538021482,0.0,5.313205979041787,3.9512437185814275
192,1,1.7543859649122806,1.7543859649122806,0.0,3.970291913552122,10.589307957709613,3.7376696182833684
193,1,0.5,3.5,5.529429087511423,1.791759469228055,9.283776690049365,4.553876891600541
194,1,5.357142857142857,2.6785714285714284,4.77912349311153,0.6931471805599453,8.398634855292102,3.8918202981106265
196,1,1.3333333333333333,3.3333333333333335,6.902742737158593,0.0,10.435350335367918,4.110873864173311
197,2,0.0,0.0,6.5337888379333435,0.6931471805599453,10.719294745831961,4.23410650459726
199,3,1.7964071856287425,1.7964071856287425,8.545586265917455,5.2832037287379885,11.369609213515574,4.060443010546419
200,3,0.6622516556291391,5.298013245033113,8.105911197986508,4.248495242049359,10.981012388873753,3.828641396489095
201,3,1.8181818181818181,0.0,7.9294865233142895,4.04305126783455,11.738889036287684,3.58351893845611
202,1,0.0,2.684563758389262,2.4849066497880004,0.6931471805599453,6.021023349349527,4.110873864173311
203,1,0.8620689655172413,0.0,9.57983281962553,5.940171252720432,12.711880702334366,3.912023005428146
204,1,0.0,4.666666666666667,9.137662146478197,5.332718793265369,12.311657136103745,4.007333185232471
206,2,0.0,1.0309278350515463,3.091042453358316,0.0,6.692083742506628,3.258096538021482
208,1,2.6881720430107525,4.301075268817204,4.5217885770490405,2.1972245773362196,7.2633296174768365,3.9889840465642745
209,3,1.8018018018018018,0.45045045045045046,1.0986122886681098,0.0,5.442417710521793,4.110873864173311
210,2,0.6369426751592356,1.910828025477707,2.0794415416798357,0.6931471805599453,5.1298987149230735,3.6635616461296463
211,3,1.5748031496062993,0.7874015748031497,2.0794415416798357,0.0,5.241747015059643,3.8066624897703196
212,1,2.197802197802198,2.197802197802198,7.573017256052546,4.30406509320417,11.298444286734671,3.58351893845611
213,3,0.4608294930875576,0.4608294930875576,3.7612001156935624,2.302585092994046,7.502186486602924,4.430816798843313
214,1,1.4285714285714286,0.0,3.7376696182833684,1.0986122886681098,6.698268054115413,3.295836866004329
216,1,1.2121212121212122,1.8181818181818181,3.332204510175204,0.0,8.88516409509682,4.248495242049359
217,4,2.793296089385475,2.793296089385475,1.6094379124341003,0.0,4.574710978503383,4.406719247264253
218,2,0.9259259259259259,10.185185185185185,3.6635616461296463,0.0,6.8690144506657065,3.828641396489095
220,3,0.967741935483871,1.935483870967742,8.121777419161074,4.189654742026425,11.037209551650998,4.532599493153256
221,3,0.0,0.9345794392523364,8.013012110368916,5.1298987149230735,11.973364751359844,3.8501476017100584
222,1,0.0,0.0,1.791759469228055,0.0,4.127134385045092,3.912023005428146
223,3,0.916030534351145,1.83206106870229,10.68679531280403,7.7702232041587855,12.988317566775264,5.099866427824199
225,3,1.1428571428571428,2.2857142857142856,3.1780538303479458,0.6931471805599453,6.253828811575473,4.127134385045092
226,3,0.9523809523809523,1.9047619047619047,5.808142489980444,2.6390573296152584,8.35936910622267,4.127134385045092
227,2,1.1741682974559686,2.544031311154599,1.3862943611198906,0.0,4.844187086458591,5.111987788356544
231,2,1.2244897959183674,4.081632653061225,0.0,0.0,8.38320455141292,5.123963979403259
232,1,0.45454545454545453,1.3636363636363635,0.0,0.0,7.101675971619444,4.110873864173311
234,3,0.8298755186721992,1.6597510373443984,0.0,0.0,4.48863636973214,4.31748811353631
235,3,3.5714285714285716,3.5714285714285716,2.3978952727983707,0.0,6.263398262591624,3.7376696182833684
237,1,0.0,2.2900763358778624,0.6931471805599453,0.0,5.5053315359323625,4.219507705176107
240,2,1.7064846416382253,3.0716723549488054,0.0,0.6931471805599453,6.202535517187923,4.02535169073515
242,1,0.0,7.216494845360825,2.1972245773362196,0.0,6.628041376179533,3.6375861597263857
243,1,1.2658227848101267,1.8987341772151898,0.0,0.0,5.5053315359323625,4.007333185232471
244,1,4.878048780487805,0.6097560975609756,4.955827057601261,1.9459101490553132,9.160834952072344,4.127134385045092
245,2,2.0618556701030926,0.0,8.469472455204826,4.406719247264253,12.232612331717158,4.30406509320417
246,3,1.075268817204301,1.075268817204301,7.829630389150193,4.499809670330265,11.131181766279958,3.4011973816621555
247,1,0.9615384615384616,1.9230769230769231,5.135798437050262,0.0,9.542087175590064,3.6375861597263857
248,3,3.4313725490196076,2.450980392156863,3.4011973816621555,0.0,6.601230118728877,4.07753744390572
249,1,0.0,4.026845637583893,3.871201010907891,0.0,7.501634457883413,3.970291913552122
