condition_a,condition_b,metric,mean_a_minus_b,sample_std_a_minus_b,minimum_a_minus_b,maximum_a_minus_b,condition_a_fold_wins,condition_b_fold_wins,ties,higher_is_better,inferential_test_performed
A_LOGISTIC_REGRESSION,A_RIDGE,quadratic_weighted_kappa,-0.0031744133491143577,0.019429090208339536,-0.030404650268648026,0.017292227280055195,3,2,0,True,False
A_LOGISTIC_REGRESSION,A_RIDGE,accuracy,-6.491398896463219e-05,0.015635717055053913,-0.025641025641025716,0.012658227848101278,2,1,2,True,False
A_LOGISTIC_REGRESSION,A_RIDGE,weighted_f1,-0.0021654386427925275,0.015423535579159394,-0.027359872471208524,0.0115986018919631,2,3,0,True,False
A_LOGISTIC_REGRESSION,A_RIDGE,mean_absolute_error,0.002629016553067154,0.022834481763687388,-0.025316455696202667,0.038461538461538436,1,1,3,False,False
A_LOGISTIC_REGRESSION,A_COMPLEMENT_NB,quadratic_weighted_kappa,-0.007302293033142726,0.06051920615365595,-0.09955644467760694,0.0472902674547645,2,3,0,True,False
A_LOGISTIC_REGRESSION,A_COMPLEMENT_NB,accuracy,-0.023109380071405394,0.06665603117503917,-0.1282051282051282,0.050632911392405056,1,2,2,True,False
A_LOGISTIC_REGRESSION,A_COMPLEMENT_NB,weighted_f1,0.009898246477651852,0.04887547076009986,-0.0710314056164259,0.05530028462570097,4,1,0,True,False
A_LOGISTIC_REGRESSION,A_COMPLEMENT_NB,mean_absolute_error,0.002661473547549509,0.08200431638325603,-0.07594936708860767,0.1282051282051283,3,2,0,False,False
A_LOGISTIC_REGRESSION,A_DECISION_TREE,quadratic_weighted_kappa,0.20116754212353993,0.057470185087902845,0.15711938039596376,0.29914417342298,5,0,0,True,False
A_LOGISTIC_REGRESSION,A_DECISION_TREE,accuracy,0.11733203505355402,0.02892339827147008,0.08860759493670889,0.15189873417721517,5,0,0,True,False
A_LOGISTIC_REGRESSION,A_DECISION_TREE,weighted_f1,0.1460854770819337,0.03628532831488382,0.08547654253600567,0.1745396899546697,5,0,0,True,False
A_LOGISTIC_REGRESSION,A_DECISION_TREE,mean_absolute_error,-0.16874391431353455,0.16196005285443968,-0.3717948717948717,0.012820512820512775,4,1,0,False,False
A_LOGISTIC_REGRESSION,B_LOGISTIC_REGRESSION,quadratic_weighted_kappa,-0.024269721024551227,0.0774277365239945,-0.1317876946694117,0.07440775518482917,2,3,0,True,False
A_LOGISTIC_REGRESSION,B_LOGISTIC_REGRESSION,accuracy,-0.005322947095098984,0.043704611562482794,-0.03846153846153849,0.06329113924050628,2,3,0,True,False
A_LOGISTIC_REGRESSION,B_LOGISTIC_REGRESSION,weighted_f1,-0.013585436328985966,0.03643517745075675,-0.051372368486049313,0.04497024775505781,1,4,0,True,False
A_LOGISTIC_REGRESSION,B_LOGISTIC_REGRESSION,mean_absolute_error,0.030996429730606966,0.07786297004800494,-0.08860759493670889,0.10256410256410264,1,3,1,False,False
A_LOGISTIC_REGRESSION,B_RIDGE,quadratic_weighted_kappa,0.019753263757620453,0.05800455979032332,-0.0488592215254412,0.08669490525309959,3,2,0,True,False
A_LOGISTIC_REGRESSION,B_RIDGE,accuracy,0.005095748133722822,0.0170617779188112,-0.01282051282051283,0.025316455696202556,3,2,0,True,False
A_LOGISTIC_REGRESSION,B_RIDGE,weighted_f1,-0.00046230128184002737,0.018241431213517567,-0.02380341420062071,0.013504762180555019,3,2,0,True,False
A_LOGISTIC_REGRESSION,B_RIDGE,mean_absolute_error,-0.022817267121064643,0.03410545242725632,-0.06329113924050644,0.012820512820512775,3,2,0,False,False
A_LOGISTIC_REGRESSION,B_COMPLEMENT_NB,quadratic_weighted_kappa,-0.018030303069203012,0.09756340852697978,-0.19041024589904298,0.043868110663658255,4,1,0,True,False
A_LOGISTIC_REGRESSION,B_COMPLEMENT_NB,accuracy,-0.018013631937682562,0.06438317538706691,-0.1282051282051282,0.03797468354430378,2,2,1,True,False
A_LOGISTIC_REGRESSION,B_COMPLEMENT_NB,weighted_f1,0.00878671532392854,0.06430811175126315,-0.1034373832072445,0.05022355897226527,4,1,0,True,False
A_LOGISTIC_REGRESSION,B_COMPLEMENT_NB,mean_absolute_error,0.005355404089581284,0.11999308500014384,-0.06410256410256399,0.21794871794871795,4,1,0,False,False
A_LOGISTIC_REGRESSION,B_DECISION_TREE,quadratic_weighted_kappa,0.18876489341330785,0.10223614230070237,0.04337537367337296,0.2918113727951471,5,0,0,True,False
A_LOGISTIC_REGRESSION,B_DECISION_TREE,accuracy,0.11217137293086658,0.03269254835975396,0.07692307692307693,0.15189873417721517,5,0,0,True,False
A_LOGISTIC_REGRESSION,B_DECISION_TREE,weighted_f1,0.15306730729134588,0.041807066407996404,0.0920887138414298,0.2049425560787619,5,0,0,True,False
A_LOGISTIC_REGRESSION,B_DECISION_TREE,mean_absolute_error,-0.17887049659201557,0.16633989596473242,-0.3589743589743589,0.012820512820512775,4,1,0,False,False
A_LOGISTIC_REGRESSION,C_LOGISTIC_REGRESSION,quadratic_weighted_kappa,0.005613307843442372,0.051868117288765794,-0.0458634730915512,0.08926825766362079,3,2,0,True,False
A_LOGISTIC_REGRESSION,C_LOGISTIC_REGRESSION,accuracy,-9.737098344692052e-05,0.02379000278295798,-0.025641025641025605,0.03797468354430378,1,2,2,True,False
A_LOGISTIC_REGRESSION,C_LOGISTIC_REGRESSION,weighted_f1,-0.010594496794522379,0.015046901499216588,-0.0273081812715959,0.006825315288190581,2,3,0,True,False
A_LOGISTIC_REGRESSION,C_LOGISTIC_REGRESSION,mean_absolute_error,0.015514443362544594,0.04167922329283159,-0.05063291139240511,0.05128205128205132,1,3,1,False,False
A_LOGISTIC_REGRESSION,C_RIDGE,quadratic_weighted_kappa,0.03302853369497842,0.11906903267401706,-0.06926385058825801,0.21428689065105427,2,3,0,True,False
A_LOGISTIC_REGRESSION,C_RIDGE,accuracy,0.027783187276858145,0.056278430251433906,-0.025641025641025716,0.11392405063291139,3,2,0,True,False
A_LOGISTIC_REGRESSION,C_RIDGE,weighted_f1,0.015687159907989745,0.052873837395776016,-0.027241000736209386,0.10440232863379328,2,3,0,True,False
A_LOGISTIC_REGRESSION,C_RIDGE,mean_absolute_error,-0.04024667315806565,0.12145965041542142,-0.24050632911392433,0.05128205128205132,2,2,1,False,False
A_LOGISTIC_REGRESSION,C_COMPLEMENT_NB,quadratic_weighted_kappa,-0.0508670799504886,0.0773534893993904,-0.1746869252152563,0.005072494361940572,2,3,0,True,False
A_LOGISTIC_REGRESSION,C_COMPLEMENT_NB,accuracy,-0.028270042194092813,0.05530566144973002,-0.11538461538461542,0.03797468354430378,1,4,0,True,False
A_LOGISTIC_REGRESSION,C_COMPLEMENT_NB,weighted_f1,-0.009644581890741044,0.049305282668290616,-0.0850512332838963,0.05022355897226527,2,3,0,True,False
A_LOGISTIC_REGRESSION,C_COMPLEMENT_NB,mean_absolute_error,0.04368711457319054,0.09081663385204836,-0.03797468354430378,0.1923076923076924,1,2,2,False,False
A_LOGISTIC_REGRESSION,C_DECISION_TREE,quadratic_weighted_kappa,0.15796189842199787,0.07656798117538176,0.048158582573554265,0.2641357375897045,5,0,0,True,False
A_LOGISTIC_REGRESSION,C_DECISION_TREE,accuracy,0.10970464135021096,0.05295279322032416,0.050632911392405056,0.16666666666666669,5,0,0,True,False
A_LOGISTIC_REGRESSION,C_DECISION_TREE,weighted_f1,0.13758931727089138,0.07627036428547508,0.033213299742428704,0.2298471135625049,5,0,0,True,False
A_LOGISTIC_REGRESSION,C_DECISION_TREE,mean_absolute_error,-0.13576760791950668,0.16960812327997504,-0.33333333333333337,0.012820512820512775,4,1,0,False,False
A_LOGISTIC_REGRESSION,D_FROZEN_MINILM,quadratic_weighted_kappa,-0.048805592345762705,0.1363140752900742,-0.20666430889330978,0.11535709782067238,2,3,0,True,False
A_LOGISTIC_REGRESSION,D_FROZEN_MINILM,accuracy,-0.0051931191171697534,0.073179276892364,-0.11538461538461542,0.06329113924050639,3,2,0,True,False
A_LOGISTIC_REGRESSION,D_FROZEN_MINILM,weighted_f1,-0.030297055515582316,0.06625154467398596,-0.12193691036808452,0.034333005119037474,2,3,0,True,False
A_LOGISTIC_REGRESSION,D_FROZEN_MINILM,mean_absolute_error,0.06939305420318083,0.11594989286455995,-0.08860759493670878,0.23076923076923084,1,4,0,False,False
A_LOGISTIC_REGRESSION,E_FINETUNED_BERT,quadratic_weighted_kappa,-0.04638679820887737,0.10823152406797416,-0.14896803332973513,0.12785862523480596,1,4,0,True,False
A_LOGISTIC_REGRESSION,E_FINETUNED_BERT,accuracy,-0.02557611165206103,0.07892637495475988,-0.1282051282051282,0.07692307692307693,2,3,0,True,False
A_LOGISTIC_REGRESSION,E_FINETUNED_BERT,weighted_f1,-0.017942872600402317,0.07583412078344372,-0.10753149972521558,0.07324014510335242,2,3,0,True,False
A_LOGISTIC_REGRESSION,E_FINETUNED_BERT,mean_absolute_error,0.06679649464459592,0.142625023040083,-0.15189873417721522,0.23076923076923084,1,4,0,False,False
A_LOGISTIC_REGRESSION,BASELINE_MOST_FREQUENT,quadratic_weighted_kappa,0.3812104011386105,0.08616604092582285,0.3070266528210453,0.4921946740128559,5,0,0,True,False
A_LOGISTIC_REGRESSION,BASELINE_MOST_FREQUENT,accuracy,0.07900032456994482,0.053710123380521585,-0.012820512820512886,0.11538461538461536,4,1,0,True,False
A_LOGISTIC_REGRESSION,BASELINE_MOST_FREQUENT,weighted_f1,0.23104001768473062,0.04309145835998097,0.1605338844394302,0.2715589462245638,5,0,0,True,False
A_LOGISTIC_REGRESSION,BASELINE_MOST_FREQUENT,mean_absolute_error,-0.3414800389483933,0.07519718968598674,-0.4177215189873419,-0.23076923076923062,5,0,0,False,False
A_LOGISTIC_REGRESSION,BASELINE_STRATIFIED_RANDOM,quadratic_weighted_kappa,0.2994468219615991,0.17144147816458574,0.12545658417553188,0.5003554737296982,5,0,0,True,False
A_LOGISTIC_REGRESSION,BASELINE_STRATIFIED_RANDOM,accuracy,0.1273287893541058,0.07893471659613964,-0.012820512820512886,0.17721518987341778,4,1,0,True,False
A_LOGISTIC_REGRESSION,BASELINE_STRATIFIED_RANDOM,weighted_f1,0.1158964118698084,0.06920038588563603,-0.006752050243953089,0.1607317879569141,4,1,0,True,False
A_LOGISTIC_REGRESSION,BASELINE_STRATIFIED_RANDOM,mean_absolute_error,-0.31051606621226874,0.1486126174416517,-0.45569620253164567,-0.10256410256410242,5,0,0,False,False
A_RIDGE,A_COMPLEMENT_NB,quadratic_weighted_kappa,-0.004127879684028368,0.049837805805522946,-0.06915179440895891,0.04042328429329234,3,2,0,True,False
A_RIDGE,A_COMPLEMENT_NB,accuracy,-0.023044466082440762,0.05447459581313358,-0.10256410256410248,0.03797468354430378,1,2,2,True,False
A_RIDGE,A_COMPLEMENT_NB,weighted_f1,0.012063685120444378,0.03833216023105701,-0.04367153314521738,0.057609835767513384,3,2,0,True,False
A_RIDGE,A_COMPLEMENT_NB,mean_absolute_error,3.245699448235495e-05,0.072655509563837,-0.07594936708860767,0.08974358974358987,3,2,0,False,False
A_RIDGE,A_DECISION_TREE,quadratic_weighted_kappa,0.2043419554726543,0.06415991242316,0.1509012077147591,0.3149889730226358,5,0,0,True,False
A_RIDGE,A_DECISION_TREE,accuracy,0.11739694904251867,0.026274784029053738,0.07594936708860761,0.14102564102564097,5,0,0,True,False
A_RIDGE,A_DECISION_TREE,weighted_f1,0.1482509157247262,0.042425703371753776,0.08778609367781809,0.20189956242587823,5,0,0,True,False
A_RIDGE,A_DECISION_TREE,mean_absolute_error,-0.1713729308666017,0.1537345424420279,-0.3717948717948717,-0.02564102564102566,5,0,0,False,False
A_RIDGE,B_LOGISTIC_REGRESSION,quadratic_weighted_kappa,-0.02109530767543687,0.06040464538781967,-0.10138304440076368,0.05711552790477398,2,3,0,True,False
A_RIDGE,B_LOGISTIC_REGRESSION,accuracy,-0.005258033106134352,0.034375044876618605,-0.03846153846153838,0.050632911392405,1,3,1,True,False
A_RIDGE,B_LOGISTIC_REGRESSION,weighted_f1,-0.01141999768619344,0.03369442060461142,-0.04950200053737591,0.03585625129928921,1,4,0,True,False
A_RIDGE,B_LOGISTIC_REGRESSION,mean_absolute_error,0.028367413177539814,0.060776469671080136,-0.06329113924050622,0.08974358974358976,1,3,1,False,False
A_RIDGE,B_RIDGE,quadratic_weighted_kappa,0.022927677106734812,0.04100158102770377,-0.018454571256793173,0.06940267797304439,3,2,0,True,False
A_RIDGE,B_RIDGE,accuracy,0.005160662122687454,0.02487977357382799,-0.0253164556962025,0.03846153846153849,3,2,0,True,False
A_RIDGE,B_RIDGE,weighted_f1,0.0017031373609525003,0.03134114406690235,-0.03291741065638931,0.040361100887416734,3,2,0,True,False
A_RIDGE,B_RIDGE,mean_absolute_error,-0.0254462836741318,0.02841456475219511,-0.06329113924050644,0.012820512820512775,4,1,0,False,False
A_RIDGE,B_COMPLEMENT_NB,quadratic_weighted_kappa,-0.014855889720088656,0.08188613109378111,-0.16000559563039496,0.037649937982453585,4,1,0,True,False
A_RIDGE,B_COMPLEMENT_NB,accuracy,-0.01794871794871793,0.05087932822321627,-0.10256410256410248,0.0253164556962025,2,2,1,True,False
A_RIDGE,B_COMPLEMENT_NB,weighted_f1,0.010952153966721067,0.05196971302708666,-0.07607751073603597,0.052533110114077686,4,1,0,True,False
A_RIDGE,B_COMPLEMENT_NB,mean_absolute_error,0.00272638753651413,0.10219182773952573,-0.06410256410256399,0.17948717948717952,3,1,1,False,False
A_RIDGE,B_DECISION_TREE,quadratic_weighted_kappa,0.19193930676242218,0.11103447806843146,0.02608314639331777,0.30765617239480286,5,0,0,True,False
A_RIDGE,B_DECISION_TREE,accuracy,0.11223628691983123,0.029040078482007806,0.07692307692307693,0.14102564102564097,5,0,0,True,False
A_RIDGE,B_DECISION_TREE,weighted_f1,0.1552327459341384,0.043769167011190026,0.0939590817901032,0.20189956242587823,5,0,0,True,False
A_RIDGE,B_DECISION_TREE,mean_absolute_error,-0.18149951314508272,0.1626275838165362,-0.3589743589743589,0.0,4,0,1,False,False
A_RIDGE,C_LOGISTIC_REGRESSION,quadratic_weighted_kappa,0.00878772119255673,0.041364999673815094,-0.015458822822903173,0.08240127450214862,1,4,0,True,False
A_RIDGE,C_LOGISTIC_REGRESSION,accuracy,-3.245699448228834e-05,0.023876967640480334,-0.025641025641025605,0.025641025641025716,2,3,0,True,False
A_RIDGE,C_LOGISTIC_REGRESSION,weighted_f1,-0.00842905815172985,0.026992023890409285,-0.038906783163559,0.028700417975492443,2,3,0,True,False
A_RIDGE,C_LOGISTIC_REGRESSION,mean_absolute_error,0.01288542680947744,0.04026034727029895,-0.05063291139240511,0.05128205128205132,1,3,1,False,False
A_RIDGE,C_RIDGE,quadratic_weighted_kappa,0.036202947044092784,0.10328832304340577,-0.040987338211944835,0.19699466337099908,2,3,0,True,False
A_RIDGE,C_RIDGE,accuracy,0.027848101265822777,0.045133110993977724,-0.01282051282051283,0.10126582278481011,3,1,1,True,False
A_RIDGE,C_RIDGE,weighted_f1,0.01785259855078227,0.04712855334995437,-0.02866993698060749,0.09528833217802468,3,2,0,True,False
A_RIDGE,C_RIDGE,mean_absolute_error,-0.0428756897111328,0.10477957866343211,-0.21518987341772167,0.05128205128205132,2,2,1,False,False
A_RIDGE,C_COMPLEMENT_NB,quadratic_weighted_kappa,-0.047692666601374244,0.06504494405497693,-0.14428227494660828,0.006407436646793774,1,4,0,True,False
A_RIDGE,C_COMPLEMENT_NB,accuracy,-0.02820512820512818,0.04084432599704084,-0.0897435897435897,0.0253164556962025,1,4,0,True,False
A_RIDGE,C_COMPLEMENT_NB,weighted_f1,-0.0074791432479485165,0.04055051403549352,-0.057691360812687775,0.052533110114077686,2,3,0,True,False
A_RIDGE,C_COMPLEMENT_NB,mean_absolute_error,0.04105809802012339,0.07319825857207145,-0.03797468354430378,0.15384615384615397,1,3,1,False,False
A_RIDGE,C_DECISION_TREE,quadratic_weighted_kappa,0.16113631177111223,0.09040536719254073,0.03086635529349907,0.2799805371893603,5,0,0,True,False
A_RIDGE,C_DECISION_TREE,accuracy,0.10976955533917561,0.05309678108575804,0.03797468354430378,0.16666666666666669,5,0,0,True,False
A_RIDGE,C_DECISION_TREE,weighted_f1,0.1397547559136839,0.07594888758534059,0.03552285088424112,0.2182485116705418,5,0,0,True,False
A_RIDGE,C_DECISION_TREE,mean_absolute_error,-0.13839662447257384,0.16682020570217,-0.33333333333333337,0.0,4,0,1,False,False
A_RIDGE,D_FROZEN_MINILM,quadratic_weighted_kappa,-0.04563117899664835,0.12117617998324626,-0.17625965862466175,0.10849011465920022,2,3,0,True,False
A_RIDGE,D_FROZEN_MINILM,accuracy,-0.005128205128205121,0.06293651012270056,-0.0897435897435897,0.05128205128205132,3,2,0,True,False
A_RIDGE,D_FROZEN_MINILM,weighted_f1,-0.02813161687278979,0.05999433798453726,-0.09457703789687599,0.03664255626084989,2,3,0,True,False
A_RIDGE,D_FROZEN_MINILM,mean_absolute_error,0.06676403765011367,0.10151094313010253,-0.08860759493670878,0.1923076923076924,1,4,0,False,False
A_RIDGE,E_FINETUNED_BERT,quadratic_weighted_kappa,-0.04321238485976301,0.09972063776741265,-0.13312323373007934,0.1209916420733338,1,4,0,True,False
A_RIDGE,E_FINETUNED_BERT,accuracy,-0.025511197663096397,0.07067230130924,-0.10256410256410248,0.07692307692307693,2,3,0,True,False
A_RIDGE,E_FINETUNED_BERT,weighted_f1,-0.015777433957609787,0.07239009408890684,-0.08017162725400706,0.07511051305202582,2,3,0,True,False
A_RIDGE,E_FINETUNED_BERT,mean_absolute_error,0.06416747809152876,0.13470823848384147,-0.15189873417721522,0.1923076923076924,1,4,0,False,False
A_RIDGE,BASELINE_MOST_FREQUENT,quadratic_weighted_kappa,0.3843848144877249,0.0765907480026587,0.3026877379167146,0.4853276908513837,5,0,0,True,False
A_RIDGE,BASELINE_MOST_FREQUENT,accuracy,0.07906523855890946,0.04183702182271022,0.01282051282051283,0.11538461538461536,5,0,0,True,False
A_RIDGE,BASELINE_MOST_FREQUENT,weighted_f1,0.23320545632752313,0.02886721579315621,0.18789375691063873,0.25996034433260073,5,0,0,True,False
A_RIDGE,BASELINE_MOST_FREQUENT,mean_absolute_error,-0.3441090555014605,0.05551481662431685,-0.40506329113924033,-0.26923076923076905,5,0,0,False,False
A_RIDGE,BASELINE_STRATIFIED_RANDOM,quadratic_weighted_kappa,0.3026212353107135,0.15874349571434798,0.1374136163646945,0.4830632464496431,5,0,0,True,False
A_RIDGE,BASELINE_STRATIFIED_RANDOM,accuracy,0.12739370334307046,0.06424189558578647,0.01282051282051283,0.1645569620253165,5,0,0,True,False
A_RIDGE,BASELINE_STRATIFIED_RANDOM,weighted_f1,0.11806185051260094,0.056181912422299966,0.020607822227255435,0.1630413390987265,5,0,0,True,False
A_RIDGE,BASELINE_STRATIFIED_RANDOM,mean_absolute_error,-0.3131450827653359,0.12950028629977084,-0.44303797468354433,-0.14102564102564086,5,0,0,False,False
A_COMPLEMENT_NB,A_DECISION_TREE,quadratic_weighted_kappa,0.20846983515668266,0.08314257765628758,0.11172182041478937,0.3023731013201488,5,0,0,True,False
A_COMPLEMENT_NB,A_DECISION_TREE,accuracy,0.14044141512495942,0.0699616332100547,0.03797468354430383,0.2179487179487179,5,0,0,True,False
A_COMPLEMENT_NB,A_DECISION_TREE,weighted_f1,0.1361872306042818,0.07917453058827933,0.030176257910304705,0.2455710955710956,5,0,0,True,False
A_COMPLEMENT_NB,A_DECISION_TREE,mean_absolute_error,-0.17140538786108406,0.13571513934798943,-0.3205128205128205,0.025316455696202556,4,1,0,False,False
A_COMPLEMENT_NB,B_LOGISTIC_REGRESSION,quadratic_weighted_kappa,-0.0169674279914085,0.07027008452046168,-0.08826655143715512,0.10082167521170599,1,4,0,True,False
A_COMPLEMENT_NB,B_LOGISTIC_REGRESSION,accuracy,0.01778643297630641,0.07124907280324644,-0.03846153846153838,0.10126582278481011,2,3,0,True,False
A_COMPLEMENT_NB,B_LOGISTIC_REGRESSION,weighted_f1,-0.023483682806637818,0.059824729558260126,-0.07775548568728702,0.04206636324736451,2,3,0,True,False
A_COMPLEMENT_NB,B_LOGISTIC_REGRESSION,mean_absolute_error,0.02833495618305746,0.10516639703709557,-0.12658227848101267,0.14102564102564097,2,3,0,False,False
A_COMPLEMENT_NB,B_RIDGE,quadratic_weighted_kappa,0.02705555679076318,0.05907363592030004,-0.038009613782075624,0.1131088252799764,3,2,0,True,False
A_COMPLEMENT_NB,B_RIDGE,accuracy,0.028205128205128216,0.06618376329839479,-0.0253164556962025,0.14102564102564097,3,2,0,True,False
A_COMPLEMENT_NB,B_RIDGE,weighted_f1,-0.010360547759491879,0.0548495172738798,-0.05176710110920635,0.08403263403263411,1,4,0,True,False
A_COMPLEMENT_NB,B_RIDGE,mean_absolute_error,-0.025478740668614153,0.0664077761267215,-0.11538461538461553,0.038461538461538436,2,3,0,False,False
A_COMPLEMENT_NB,B_COMPLEMENT_NB,quadratic_weighted_kappa,-0.010728010036060286,0.05143740567074809,-0.09085380122143605,0.050888153251691104,2,3,0,True,False
A_COMPLEMENT_NB,B_COMPLEMENT_NB,accuracy,0.005095748133722833,0.01445411675822386,-0.012658227848101278,0.02531645569620261,2,1,2,True,False
A_COMPLEMENT_NB,B_COMPLEMENT_NB,weighted_f1,-0.0011115311537233108,0.01897696350021447,-0.03240597759081859,0.015072122929795206,3,2,0,True,False
A_COMPLEMENT_NB,B_COMPLEMENT_NB,mean_absolute_error,0.002693930542031775,0.0559293208608346,-0.06329113924050644,0.08974358974358965,3,2,0,False,False
A_COMPLEMENT_NB,B_DECISION_TREE,quadratic_weighted_kappa,0.19606718644645055,0.09838006008524115,0.06978929370024978,0.29504030069231585,5,0,0,True,False
A_COMPLEMENT_NB,B_DECISION_TREE,accuracy,0.135280753002272,0.07144618718747232,0.05063291139240511,0.2179487179487179,5,0,0,True,False
A_COMPLEMENT_NB,B_DECISION_TREE,weighted_f1,0.14316906081369402,0.07139612197720974,0.0657055966401921,0.2455710955710956,5,0,0,True,False
A_COMPLEMENT_NB,B_DECISION_TREE,mean_absolute_error,-0.18153197013956507,0.11044834331750925,-0.33333333333333326,-0.06329113924050644,5,0,0,False,False
A_COMPLEMENT_NB,C_LOGISTIC_REGRESSION,quadratic_weighted_kappa,0.012915600876585099,0.04362455731353557,-0.04353801667058621,0.05369297158605574,3,2,0,True,False
A_COMPLEMENT_NB,C_LOGISTIC_REGRESSION,accuracy,0.023012009087958474,0.06366499657233375,-0.025641025641025605,0.1282051282051282,2,3,0,True,False
A_COMPLEMENT_NB,C_LOGISTIC_REGRESSION,weighted_f1,-0.02049274327217423,0.05501041987539773,-0.06239989102892318,0.07237195112070982,1,4,0,True,False
A_COMPLEMENT_NB,C_LOGISTIC_REGRESSION,mean_absolute_error,0.012852969814995086,0.07629218327821505,-0.08974358974358987,0.08974358974358954,2,3,0,False,False
A_COMPLEMENT_NB,C_RIDGE,quadratic_weighted_kappa,0.04033082672812115,0.12122664836671686,-0.058191194148050296,0.2407008106779311,3,2,0,True,False
A_COMPLEMENT_NB,C_RIDGE,accuracy,0.05089256734826354,0.07240698277944986,-0.01282051282051283,0.15189873417721522,3,1,1,True,False
A_COMPLEMENT_NB,C_RIDGE,weighted_f1,0.005788913430337894,0.06445170641514486,-0.05216304484597167,0.10065480221337408,2,3,0,True,False
A_COMPLEMENT_NB,C_RIDGE,mean_absolute_error,-0.04290814670561516,0.14402302609754444,-0.2784810126582281,0.07692307692307698,2,3,0,False,False
A_COMPLEMENT_NB,C_COMPLEMENT_NB,quadratic_weighted_kappa,-0.043564786917345874,0.05986073417465161,-0.12431539644010003,0.03004815053953719,1,4,0,True,False
A_COMPLEMENT_NB,C_COMPLEMENT_NB,accuracy,-0.005160662122687421,0.023169384078876216,-0.025641025641025605,0.02531645569620261,2,3,0,True,False
A_COMPLEMENT_NB,C_COMPLEMENT_NB,weighted_f1,-0.019542828368392894,0.023195974523504397,-0.050150773415313654,0.007205051732839973,1,4,0,True,False
A_COMPLEMENT_NB,C_COMPLEMENT_NB,mean_absolute_error,0.04102564102564103,0.05601081917955431,-0.03797468354430378,0.11538461538461531,1,4,0,False,False
A_COMPLEMENT_NB,C_DECISION_TREE,quadratic_weighted_kappa,0.16526419145514057,0.09364985286349574,0.07457250260043108,0.26736466548687327,5,0,0,True,False
A_COMPLEMENT_NB,C_DECISION_TREE,accuracy,0.13281402142161639,0.09221961182797783,0.0,0.2179487179487179,4,0,1,True,False
A_COMPLEMENT_NB,C_DECISION_TREE,weighted_f1,0.12769107079323952,0.1065226008425876,-0.022086984883272265,0.2455710955710956,4,1,0,True,False
A_COMPLEMENT_NB,C_DECISION_TREE,mean_absolute_error,-0.13842908146705618,0.14533649947295996,-0.3076923076923077,0.05063291139240511,4,1,0,False,False
A_COMPLEMENT_NB,D_FROZEN_MINILM,quadratic_weighted_kappa,-0.04150329931261998,0.11616647783236644,-0.16030534664129942,0.09778459893814839,2,3,0,True,False
A_COMPLEMENT_NB,D_FROZEN_MINILM,accuracy,0.01791626095423564,0.019454103558182216,0.0,0.05128205128205132,4,0,1,True,False
A_COMPLEMENT_NB,D_FROZEN_MINILM,weighted_f1,-0.040195301993234164,0.028696143534897432,-0.07695502716150332,-0.0030594702017979203,0,5,0,True,False
A_COMPLEMENT_NB,D_FROZEN_MINILM,mean_absolute_error,0.06673158065563131,0.0737837688950661,-0.012658227848101333,0.14102564102564097,2,3,0,False,False
A_COMPLEMENT_NB,E_FINETUNED_BERT,quadratic_weighted_kappa,-0.03908450517573464,0.10290567415952213,-0.14864647875742604,0.08056835778004146,3,2,0,True,False
A_COMPLEMENT_NB,E_FINETUNED_BERT,accuracy,-0.0024667315806556345,0.048264216519140146,-0.05128205128205132,0.07692307692307693,1,3,1,True,False
A_COMPLEMENT_NB,E_FINETUNED_BERT,weighted_f1,-0.027841119078054165,0.04883271692237111,-0.07007338813084368,0.04685702790211471,1,4,0,True,False
A_COMPLEMENT_NB,E_FINETUNED_BERT,mean_absolute_error,0.06413502109704641,0.08560485378072334,-0.07594936708860756,0.15384615384615397,1,4,0,False,False
A_COMPLEMENT_NB,BASELINE_MOST_FREQUENT,quadratic_weighted_kappa,0.38851269417175327,0.09537381539888413,0.2635083506167449,0.4802370548942796,5,0,0,True,False
A_COMPLEMENT_NB,BASELINE_MOST_FREQUENT,accuracy,0.1021097046413502,0.04671403304583689,0.02531645569620261,0.15189873417721522,5,0,0,True,False
A_COMPLEMENT_NB,BASELINE_MOST_FREQUENT,weighted_f1,0.22114177120707873,0.0305831107776749,0.16754337672621422,0.2433491181445798,5,0,0,True,False
A_COMPLEMENT_NB,BASELINE_MOST_FREQUENT,mean_absolute_error,-0.34414151249594277,0.06923328753123381,-0.45569620253164567,-0.28205128205128216,5,0,0,False,False
A_COMPLEMENT_NB,BASELINE_STRATIFIED_RANDOM,quadratic_weighted_kappa,0.3067491149947418,0.16439234657950064,0.09823422906472479,0.526769393756575,5,0,0,True,False
A_COMPLEMENT_NB,BASELINE_STRATIFIED_RANDOM,accuracy,0.15043816942551122,0.033670514385933305,0.11538461538461531,0.20253164556962033,5,0,0,True,False
A_COMPLEMENT_NB,BASELINE_STRATIFIED_RANDOM,weighted_f1,0.10599816539215653,0.025132515491713626,0.06427935537247281,0.13105803370159658,5,0,0,True,False
A_COMPLEMENT_NB,BASELINE_STRATIFIED_RANDOM,mean_absolute_error,-0.3131775397598182,0.12296706206942074,-0.49367088607594944,-0.17948717948717952,5,0,0,False,False
A_DECISION_TREE,B_LOGISTIC_REGRESSION,quadratic_weighted_kappa,-0.22543726314809115,0.09078690154653994,-0.3410025977888986,-0.1289012152826533,0,5,0,True,False
A_DECISION_TREE,B_LOGISTIC_REGRESSION,accuracy,-0.12265498214865303,0.039627518031418306,-0.16666666666666657,-0.07594936708860761,0,5,0,True,False
A_DECISION_TREE,B_LOGISTIC_REGRESSION,weighted_f1,-0.15967091341091963,0.0506034717991841,-0.20961724893613431,-0.0916963700397933,0,5,0,True,False
A_DECISION_TREE,B_LOGISTIC_REGRESSION,mean_absolute_error,0.1997403440441415,0.1914030477972062,0.050632911392405,0.46153846153846145,0,5,0,False,False
A_DECISION_TREE,B_RIDGE,quadratic_weighted_kappa,-0.18141427836591945,0.08674544668426416,-0.3171938694312528,-0.10843678071604729,0,5,0,True,False
A_DECISION_TREE,B_RIDGE,accuracy,-0.1122362869198312,0.04529082550847633,-0.1645569620253164,-0.06329113924050633,0,5,0,True,False
A_DECISION_TREE,B_RIDGE,weighted_f1,-0.1465477783637737,0.04461656419279186,-0.1946455741044561,-0.07381523398946926,0,5,0,True,False
A_DECISION_TREE,B_RIDGE,mean_absolute_error,0.1459266471924699,0.16562588348178692,-0.012658227848101333,0.33333333333333326,1,3,1,False,False
A_DECISION_TREE,B_COMPLEMENT_NB,quadratic_weighted_kappa,-0.21919784519274293,0.10332741513583865,-0.35664626664465116,-0.11325126973230551,0,5,0,True,False
A_DECISION_TREE,B_COMPLEMENT_NB,accuracy,-0.1353456669912366,0.06316586858723924,-0.2179487179487179,-0.05063291139240511,0,5,0,True,False
A_DECISION_TREE,B_COMPLEMENT_NB,weighted_f1,-0.13729876175800512,0.09018611008528764,-0.2779770731619142,-0.0352529835637404,0,5,0,True,False
A_DECISION_TREE,B_COMPLEMENT_NB,mean_absolute_error,0.17409931840311582,0.12657449688545797,-0.012658227848101333,0.3076923076923077,1,4,0,False,False
A_DECISION_TREE,B_DECISION_TREE,quadratic_weighted_kappa,-0.012402648710232079,0.09395573630701447,-0.1599335967941095,0.1021655084271908,2,2,1,True,False
A_DECISION_TREE,B_DECISION_TREE,accuracy,-0.0051606621226874426,0.01940591730220545,-0.03846153846153849,0.012658227848101278,1,1,3,True,False
A_DECISION_TREE,B_DECISION_TREE,weighted_f1,0.006981830209412204,0.054234445371896686,-0.0661561666086552,0.06361844351368931,2,2,1,True,False
A_DECISION_TREE,B_DECISION_TREE,mean_absolute_error,-0.010126582278481022,0.10927399298259853,-0.16455696202531633,0.11392405063291122,2,2,1,False,False
A_DECISION_TREE,C_LOGISTIC_REGRESSION,quadratic_weighted_kappa,-0.19555423428009758,0.0866043733263576,-0.3263861982588972,-0.09076090792204439,0,5,0,True,False
A_DECISION_TREE,C_LOGISTIC_REGRESSION,accuracy,-0.11742940603700096,0.04732027769792272,-0.16666666666666657,-0.05063291139240511,0,5,0,True,False
A_DECISION_TREE,C_LOGISTIC_REGRESSION,weighted_f1,-0.15667997387645605,0.04396997549032906,-0.18224851120778718,-0.07865122724781509,0,5,0,True,False
A_DECISION_TREE,C_LOGISTIC_REGRESSION,mean_absolute_error,0.18425835767607915,0.18602585592791837,0.0,0.41025641025641,0,4,1,False,False
A_DECISION_TREE,C_RIDGE,quadratic_weighted_kappa,-0.1681390084285615,0.13961357230668733,-0.3559763112345806,0.010977920183571799,1,4,0,True,False
A_DECISION_TREE,C_RIDGE,accuracy,-0.08954884777669589,0.050721829978325375,-0.1538461538461538,-0.03797468354430378,0,5,0,True,False
A_DECISION_TREE,C_RIDGE,weighted_f1,-0.13039831717394393,0.061992351206875955,-0.2017806906908791,-0.06382620925824017,0,5,0,True,False
A_DECISION_TREE,C_RIDGE,mean_absolute_error,0.1284972411554689,0.21644311869091581,-0.10126582278481044,0.3717948717948717,2,3,0,False,False
A_DECISION_TREE,C_COMPLEMENT_NB,quadratic_weighted_kappa,-0.25203462207402855,0.07077635971324057,-0.3409229459608645,-0.1749566712237246,0,5,0,True,False
A_DECISION_TREE,C_COMPLEMENT_NB,accuracy,-0.14560207724764682,0.057849915117728745,-0.20512820512820512,-0.05063291139240511,0,5,0,True,False
A_DECISION_TREE,C_COMPLEMENT_NB,weighted_f1,-0.15573005897267472,0.07977915972873446,-0.25959092323856603,-0.0352529835637404,0,5,0,True,False
A_DECISION_TREE,C_COMPLEMENT_NB,mean_absolute_error,0.2124310288867251,0.1605342929087235,0.012658227848101333,0.4358974358974358,0,5,0,False,False
A_DECISION_TREE,C_DECISION_TREE,quadratic_weighted_kappa,-0.043205643701542056,0.06482985218580113,-0.1551503878939282,0.0030876454435912193,1,3,1,True,False
A_DECISION_TREE,C_DECISION_TREE,accuracy,-0.007627393703343055,0.029360576398325466,-0.03846153846153849,0.025641025641025716,2,2,1,True,False
A_DECISION_TREE,C_DECISION_TREE,weighted_f1,-0.008496159811042297,0.060708009899049224,-0.0661561666086552,0.0885230009974323,1,3,1,True,False
A_DECISION_TREE,C_DECISION_TREE,mean_absolute_error,0.03297630639402786,0.05867464739991123,-0.03846153846153855,0.11392405063291122,1,3,1,False,False
A_DECISION_TREE,D_FROZEN_MINILM,quadratic_weighted_kappa,-0.24997313446930264,0.14911605412914095,-0.4083278163303027,-0.06467206776499279,0,5,0,True,False
A_DECISION_TREE,D_FROZEN_MINILM,accuracy,-0.12252515417072378,0.07786855081675427,-0.20512820512820512,-0.0253164556962025,0,5,0,True,False
A_DECISION_TREE,D_FROZEN_MINILM,weighted_f1,-0.176382532597516,0.09598024813919112,-0.29647660032275425,-0.0511435374169682,0,5,0,True,False
A_DECISION_TREE,D_FROZEN_MINILM,mean_absolute_error,0.23813696851671534,0.19584648368508942,-0.03797468354430367,0.46153846153846145,1,4,0,False,False
A_DECISION_TREE,E_FINETUNED_BERT,quadratic_weighted_kappa,-0.24755434033241727,0.1408476532223262,-0.4481122067527151,-0.05217054035085922,0,5,0,True,False
A_DECISION_TREE,E_FINETUNED_BERT,accuracy,-0.14290814670561508,0.08496223559081957,-0.2179487179487179,-0.03846153846153849,0,5,0,True,False
A_DECISION_TREE,E_FINETUNED_BERT,weighted_f1,-0.16402834968233598,0.10135175775806916,-0.2820711896798853,-0.0397811776829346,0,5,0,True,False
A_DECISION_TREE,E_FINETUNED_BERT,mean_absolute_error,0.23554040895813047,0.20925621795643645,-0.10126582278481011,0.42307692307692313,1,4,0,False,False
A_DECISION_TREE,BASELINE_MOST_FREQUENT,quadratic_weighted_kappa,0.1800428590150706,0.11496190260248279,0.0078824793980653,0.3121655084271907,5,0,0,True,False
A_DECISION_TREE,BASELINE_MOST_FREQUENT,accuracy,-0.038331710483609206,0.03740631650949043,-0.10256410256410259,-0.012658227848101222,0,5,0,True,False
A_DECISION_TREE,BASELINE_MOST_FREQUENT,weighted_f1,0.08495454060279692,0.060756843321311836,-0.0140058055152395,0.13736711881590952,4,1,0,True,False
A_DECISION_TREE,BASELINE_MOST_FREQUENT,mean_absolute_error,-0.17273612463485877,0.16989440841899398,-0.3544303797468352,0.038461538461538325,4,1,0,False,False
A_DECISION_TREE,BASELINE_STRATIFIED_RANDOM,quadratic_weighted_kappa,0.09827927983805917,0.16904875402687367,-0.04077943657007632,0.2970465032622158,2,3,0,True,False
A_DECISION_TREE,BASELINE_STRATIFIED_RANDOM,accuracy,0.009996754300551792,0.07013364341488224,-0.10256410256410259,0.08860759493670889,4,1,0,True,False
A_DECISION_TREE,BASELINE_STRATIFIED_RANDOM,weighted_f1,-0.030189065212125266,0.09425719547332026,-0.1812917401986228,0.07525524542090842,2,3,0,True,False
A_DECISION_TREE,BASELINE_STRATIFIED_RANDOM,mean_absolute_error,-0.14177215189873416,0.21649972816128174,-0.3924050632911392,0.14102564102564097,4,1,0,False,False
B_LOGISTIC_REGRESSION,B_RIDGE,quadratic_weighted_kappa,0.04402298478217168,0.027452975763053875,0.012287150068270414,0.0829284731439705,5,0,0,True,False
B_LOGISTIC_REGRESSION,B_RIDGE,accuracy,0.010418695228821806,0.051985224243120104,-0.0759493670886075,0.051282051282051266,4,1,0,True,False
B_LOGISTIC_REGRESSION,B_RIDGE,weighted_f1,0.01312313504714594,0.050626293954087666,-0.06877366195567852,0.06487713066660433,4,1,0,True,False
B_LOGISTIC_REGRESSION,B_RIDGE,mean_absolute_error,-0.05381369685167161,0.067193092868988,-0.1282051282051282,0.050632911392405,4,1,0,False,False
B_LOGISTIC_REGRESSION,B_COMPLEMENT_NB,quadratic_weighted_kappa,0.006239417955348214,0.061725197243034484,-0.05862255122963128,0.08673710211963898,3,2,0,True,False
B_LOGISTIC_REGRESSION,B_COMPLEMENT_NB,accuracy,-0.012690684842583577,0.06508683576767528,-0.0897435897435897,0.05128205128205121,3,2,0,True,False
B_LOGISTIC_REGRESSION,B_COMPLEMENT_NB,weighted_f1,0.022372151652914507,0.07180071925495946,-0.0744723408381831,0.09282760861708222,3,2,0,True,False
B_LOGISTIC_REGRESSION,B_COMPLEMENT_NB,mean_absolute_error,-0.025641025641025682,0.1115351806089444,-0.15384615384615374,0.11538461538461531,3,2,0,False,False
B_LOGISTIC_REGRESSION,B_DECISION_TREE,quadratic_weighted_kappa,0.21303461443785907,0.14472953526761842,-0.03103238151145621,0.33366979716106565,4,1,0,True,False
B_LOGISTIC_REGRESSION,B_DECISION_TREE,accuracy,0.11749432002596558,0.03242675481929387,0.08860759493670889,0.16666666666666657,5,0,0,True,False
B_LOGISTIC_REGRESSION,B_DECISION_TREE,weighted_f1,0.16665274362033183,0.050025425073894236,0.10662067938848596,0.23128274711985122,5,0,0,True,False
B_LOGISTIC_REGRESSION,B_DECISION_TREE,mean_absolute_error,-0.20986692632262255,0.20273834290446247,-0.41025641025641024,0.06329113924050622,4,1,0,False,False
B_LOGISTIC_REGRESSION,C_LOGISTIC_REGRESSION,quadratic_weighted_kappa,0.0298830288679936,0.059094185278182776,-0.06436351901435788,0.0859242215778605,4,1,0,True,False
B_LOGISTIC_REGRESSION,C_LOGISTIC_REGRESSION,accuracy,0.0052255761116520635,0.04076429241271621,-0.06329113924050628,0.03846153846153849,3,1,1,True,False
B_LOGISTIC_REGRESSION,C_LOGISTIC_REGRESSION,weighted_f1,0.002990939534463588,0.034628556757427285,-0.05479678049084613,0.030305587873345308,3,2,0,True,False
B_LOGISTIC_REGRESSION,C_LOGISTIC_REGRESSION,mean_absolute_error,-0.015481986368062372,0.06315759177496595,-0.06410256410256421,0.08860759493670889,3,1,1,False,False
B_LOGISTIC_REGRESSION,C_RIDGE,quadratic_weighted_kappa,0.05729825471952965,0.05689431158983513,-0.014973713445682046,0.1398791354662251,4,1,0,True,False
B_LOGISTIC_REGRESSION,C_RIDGE,accuracy,0.03310613437195713,0.01926309634214832,0.012820512820512775,0.05128205128205121,5,0,0,True,False
B_LOGISTIC_REGRESSION,C_RIDGE,weighted_f1,0.02927259623697571,0.024616534515549668,0.0017240416328520025,0.05943208087873547,5,0,0,True,False
B_LOGISTIC_REGRESSION,C_RIDGE,mean_absolute_error,-0.07124310288867261,0.05564363370757762,-0.15189873417721544,0.0,4,0,1,False,False
B_LOGISTIC_REGRESSION,C_COMPLEMENT_NB,quadratic_weighted_kappa,-0.026597358925937377,0.03843449407002104,-0.0707735246721688,0.03242106141305656,1,4,0,True,False
B_LOGISTIC_REGRESSION,C_COMPLEMENT_NB,accuracy,-0.02294709509899383,0.04964350092172451,-0.07692307692307693,0.0253164556962025,2,2,1,True,False
B_LOGISTIC_REGRESSION,C_COMPLEMENT_NB,weighted_f1,0.003940854438244923,0.048242516713157164,-0.05608619091483491,0.056443386476052904,3,2,0,True,False
B_LOGISTIC_REGRESSION,C_COMPLEMENT_NB,mean_absolute_error,0.012690684842583577,0.07040834102145395,-0.05128205128205132,0.08974358974358976,3,2,0,False,False
B_LOGISTIC_REGRESSION,C_DECISION_TREE,quadratic_weighted_kappa,0.1822316194465491,0.13722172758329088,-0.026249172611274907,0.30599416195562307,4,1,0,True,False
B_LOGISTIC_REGRESSION,C_DECISION_TREE,accuracy,0.11502758844530996,0.05539071633206145,0.03797468354430378,0.1923076923076923,5,0,0,True,False
B_LOGISTIC_REGRESSION,C_DECISION_TREE,weighted_f1,0.15117475359987737,0.0832874490582477,0.03943312724621634,0.2561873046035942,5,0,0,True,False
B_LOGISTIC_REGRESSION,C_DECISION_TREE,mean_absolute_error,-0.16676403765011366,0.21185706769076615,-0.39743589743589736,0.06329113924050622,4,1,0,False,False
B_LOGISTIC_REGRESSION,D_FROZEN_MINILM,quadratic_weighted_kappa,-0.02453587132121148,0.07293285734876927,-0.07487661422389807,0.09459834763694669,1,4,0,True,False
B_LOGISTIC_REGRESSION,D_FROZEN_MINILM,accuracy,0.00012982797792923106,0.0840665449332316,-0.10126582278481011,0.0897435897435897,3,2,0,True,False
B_LOGISTIC_REGRESSION,D_FROZEN_MINILM,weighted_f1,-0.01671161918659635,0.08454248329405589,-0.11817774849614193,0.0746960154854891,3,2,0,True,False
B_LOGISTIC_REGRESSION,D_FROZEN_MINILM,mean_absolute_error,0.03839662447257386,0.08856401099989837,-0.08860759493670878,0.1282051282051282,1,3,1,False,False
B_LOGISTIC_REGRESSION,E_FINETUNED_BERT,quadratic_weighted_kappa,-0.02211707718432614,0.09265277782926142,-0.10710960896381655,0.10709987505108026,2,3,0,True,False
B_LOGISTIC_REGRESSION,E_FINETUNED_BERT,accuracy,-0.020253164556962043,0.09098482048596453,-0.11392405063291139,0.11538461538461531,2,3,0,True,False
B_LOGISTIC_REGRESSION,E_FINETUNED_BERT,weighted_f1,-0.004357436271416349,0.0958131589452016,-0.1111069426147609,0.12461251358940173,2,3,0,True,False
B_LOGISTIC_REGRESSION,E_FINETUNED_BERT,mean_absolute_error,0.035800064913988947,0.14069450091296384,-0.15189873417721522,0.189873417721519,2,3,0,False,False
B_LOGISTIC_REGRESSION,BASELINE_MOST_FREQUENT,quadratic_weighted_kappa,0.40548012216316176,0.06339212220832695,0.3488850771869639,0.4758893280632412,5,0,0,True,False
B_LOGISTIC_REGRESSION,BASELINE_MOST_FREQUENT,accuracy,0.0843232716650438,0.05350540708717682,0.025641025641025605,0.14102564102564097,5,0,0,True,False
B_LOGISTIC_REGRESSION,BASELINE_MOST_FREQUENT,weighted_f1,0.24462545401371658,0.05365406631501953,0.1894989268084916,0.30453932032879405,5,0,0,True,False
B_LOGISTIC_REGRESSION,BASELINE_MOST_FREQUENT,mean_absolute_error,-0.3724764686790003,0.04193824888744248,-0.42307692307692313,-0.329113924050633,5,0,0,False,False
B_LOGISTIC_REGRESSION,BASELINE_STRATIFIED_RANDOM,quadratic_weighted_kappa,0.3237165429861503,0.105528209854371,0.1865007805018799,0.4278309468086169,5,0,0,True,False
B_LOGISTIC_REGRESSION,BASELINE_STRATIFIED_RANDOM,accuracy,0.1326517364492048,0.06929412496243158,0.025641025641025605,0.1923076923076923,5,0,0,True,False
B_LOGISTIC_REGRESSION,BASELINE_STRATIFIED_RANDOM,weighted_f1,0.12948184819879438,0.07191172855690217,0.0222129921251083,0.19453848105966204,5,0,0,True,False
B_LOGISTIC_REGRESSION,BASELINE_STRATIFIED_RANDOM,mean_absolute_error,-0.34151249594287564,0.08792076512006496,-0.44303797468354433,-0.20512820512820507,5,0,0,False,False
B_RIDGE,B_COMPLEMENT_NB,quadratic_weighted_kappa,-0.03778356682682347,0.07105142792095553,-0.14155102437360179,0.036480164464559484,2,3,0,True,False
B_RIDGE,B_COMPLEMENT_NB,accuracy,-0.023109380071405384,0.06622426004023184,-0.14102564102564097,0.01282051282051283,2,1,2,True,False
B_RIDGE,B_COMPLEMENT_NB,weighted_f1,0.009249016605768568,0.07119462706360712,-0.1164386116234527,0.05930526928085866,4,1,0,True,False
B_RIDGE,B_COMPLEMENT_NB,mean_absolute_error,0.028172671210645928,0.10192721083606225,-0.05128205128205121,0.20512820512820518,2,2,1,False,False
B_RIDGE,B_DECISION_TREE,quadratic_weighted_kappa,0.16901162965568736,0.13137614654504265,-0.04331953157972662,0.30986106880341985,4,1,0,True,False
B_RIDGE,B_DECISION_TREE,accuracy,0.10707562479714376,0.0480007565689316,0.0641025641025641,0.1645569620253164,5,0,0,True,False
B_RIDGE,B_DECISION_TREE,weighted_f1,0.1535296085731859,0.053209092788105664,0.07858395166087478,0.22161794743064098,5,0,0,True,False
B_RIDGE,B_DECISION_TREE,mean_absolute_error,-0.15605322947095093,0.16747166762536664,-0.3717948717948717,0.012658227848101222,3,1,1,False,False
B_RIDGE,C_LOGISTIC_REGRESSION,quadratic_weighted_kappa,-0.014139955914178081,0.03644209941819438,-0.0766506690826283,0.0176758727940029,2,3,0,True,False
B_RIDGE,C_LOGISTIC_REGRESSION,accuracy,-0.005193119117169742,0.01711587222119369,-0.025641025641025605,0.012658227848101222,2,3,0,True,False
B_RIDGE,C_LOGISTIC_REGRESSION,weighted_f1,-0.010132195512682352,0.018448173385193296,-0.037508392938257196,0.013976881464832391,1,4,0,True,False
B_RIDGE,C_LOGISTIC_REGRESSION,mean_absolute_error,0.03833171048360924,0.02402924821760977,0.012658227848101333,0.07692307692307676,0,5,0,False,False
B_RIDGE,C_RIDGE,quadratic_weighted_kappa,0.01327526993735797,0.06718594647736097,-0.03878244180332785,0.1275919853979547,2,3,0,True,False
B_RIDGE,C_RIDGE,accuracy,0.022687439143135323,0.06238927516192882,-0.03846153846153849,0.1265822784810126,2,1,2,True,False
B_RIDGE,C_RIDGE,weighted_f1,0.016149461189829774,0.06544962489065999,-0.0402422291524176,0.128205742834414,2,3,0,True,False
B_RIDGE,C_RIDGE,mean_absolute_error,-0.017429406037001004,0.10480698486457181,-0.20253164556962044,0.03846153846153855,1,3,1,False,False
B_RIDGE,C_COMPLEMENT_NB,quadratic_weighted_kappa,-0.07062034370810906,0.049354022660155324,-0.1258277036898151,0.008612333055410759,1,4,0,True,False
B_RIDGE,C_COMPLEMENT_NB,accuracy,-0.033365790327815635,0.056289566748995226,-0.1282051282051282,0.012658227848101222,1,3,1,True,False
B_RIDGE,C_COMPLEMENT_NB,weighted_f1,-0.009182280608901017,0.05569985798490407,-0.09805246170010451,0.03856225042572886,3,2,0,True,False
B_RIDGE,C_COMPLEMENT_NB,mean_absolute_error,0.06650438169425518,0.07561124896577164,-0.012820512820512775,0.17948717948717963,1,4,0,False,False
B_RIDGE,C_DECISION_TREE,quadratic_weighted_kappa,0.1382086346643774,0.12403849918477823,-0.03853632267954532,0.28218543359797726,4,1,0,True,False
B_RIDGE,C_DECISION_TREE,accuracy,0.10460889321648814,0.06995175094144557,0.0253164556962025,0.17948717948717952,5,0,0,True,False
B_RIDGE,C_DECISION_TREE,weighted_f1,0.1380516185527314,0.08854797197588007,0.021551991195892295,0.24652250491438396,5,0,0,True,False
B_RIDGE,C_DECISION_TREE,mean_absolute_error,-0.11295034079844204,0.18036151349291216,-0.34615384615384615,0.03797468354430389,2,2,1,False,False
B_RIDGE,D_FROZEN_MINILM,quadratic_weighted_kappa,-0.06855885610338316,0.08187289907807695,-0.15780508736786858,0.043764712951054496,1,4,0,True,False
B_RIDGE,D_FROZEN_MINILM,accuracy,-0.010288867250892574,0.07093483383997748,-0.1282051282051282,0.03846153846153849,3,2,0,True,False
B_RIDGE,D_FROZEN_MINILM,weighted_f1,-0.029834754233742287,0.0648384330309451,-0.13493813878429273,0.022671696572501066,3,2,0,True,False
B_RIDGE,D_FROZEN_MINILM,mean_absolute_error,0.09221032132424548,0.08942641214802369,-0.025316455696202333,0.21794871794871806,1,4,0,False,False
B_RIDGE,E_FINETUNED_BERT,quadratic_weighted_kappa,-0.06614006196649783,0.07621161143980246,-0.13091833732146235,0.05626624036518807,1,4,0,True,False
B_RIDGE,E_FINETUNED_BERT,accuracy,-0.03067185978578385,0.07452335501160155,-0.14102564102564097,0.0641025641025641,1,3,1,True,False
B_RIDGE,E_FINETUNED_BERT,weighted_f1,-0.017480571318562288,0.07045237122089376,-0.1205327281414238,0.0597353829227974,2,3,0,True,False
B_RIDGE,E_FINETUNED_BERT,mean_absolute_error,0.08961376176566056,0.11402903669873071,-0.08860759493670878,0.21794871794871806,1,4,0,False,False
B_RIDGE,BASELINE_MOST_FREQUENT,quadratic_weighted_kappa,0.36145713738099006,0.04857741428961037,0.3015179643988205,0.420602289143238,5,0,0,True,False
B_RIDGE,BASELINE_MOST_FREQUENT,accuracy,0.073904576436222,0.06408053886421312,-0.02564102564102566,0.1282051282051282,4,1,0,True,False
B_RIDGE,BASELINE_MOST_FREQUENT,weighted_f1,0.23150231896657064,0.05545514549211203,0.147532656023222,0.2882343375764429,5,0,0,True,False
B_RIDGE,BASELINE_MOST_FREQUENT,mean_absolute_error,-0.31866277182732866,0.05167809449673565,-0.379746835443038,-0.2435897435897434,5,0,0,False,False
B_RIDGE,BASELINE_STRATIFIED_RANDOM,quadratic_weighted_kappa,0.2796935582039787,0.12186643279674987,0.1362438428468004,0.4136605684765987,5,0,0,True,False
B_RIDGE,BASELINE_STRATIFIED_RANDOM,accuracy,0.12223304122038299,0.08381130373790134,-0.02564102564102566,0.17721518987341772,4,1,0,True,False
B_RIDGE,BASELINE_STRATIFIED_RANDOM,weighted_f1,0.11635871315164843,0.07721389999191318,-0.0197532786601613,0.1642060402923316,4,1,0,True,False
B_RIDGE,BASELINE_STRATIFIED_RANDOM,mean_absolute_error,-0.28769879909120405,0.12869819400516608,-0.4177215189873418,-0.1153846153846152,5,0,0,False,False
B_COMPLEMENT_NB,B_DECISION_TREE,quadratic_weighted_kappa,0.20679519648251085,0.1368676726669907,0.018901140448558673,0.35664626664465116,5,0,0,True,False
B_COMPLEMENT_NB,B_DECISION_TREE,accuracy,0.13018500486854917,0.06678903053823254,0.06329113924050639,0.2179487179487179,5,0,0,True,False
B_COMPLEMENT_NB,B_DECISION_TREE,weighted_f1,0.14428059196741733,0.08622811258880353,0.05063347371039689,0.2779770731619142,5,0,0,True,False
B_COMPLEMENT_NB,B_DECISION_TREE,mean_absolute_error,-0.18422590068159686,0.1199159339592031,-0.3205128205128205,0.0,4,0,1,False,False
B_COMPLEMENT_NB,C_LOGISTIC_REGRESSION,quadratic_weighted_kappa,0.023643610912645385,0.07807429068576613,-0.04200856735307007,0.14454677280749179,2,3,0,True,False
B_COMPLEMENT_NB,C_LOGISTIC_REGRESSION,accuracy,0.01791626095423564,0.0638489388895656,-0.025641025641025605,0.1282051282051282,2,2,1,True,False
B_COMPLEMENT_NB,C_LOGISTIC_REGRESSION,weighted_f1,-0.019381212118450918,0.07190924621214297,-0.0699380592005755,0.10477792871152841,1,4,0,True,False
B_COMPLEMENT_NB,C_LOGISTIC_REGRESSION,mean_absolute_error,0.01015903927296331,0.11299787376498796,-0.17948717948717952,0.10256410256410231,1,4,0,False,False
B_COMPLEMENT_NB,C_RIDGE,quadratic_weighted_kappa,0.05105883676418144,0.10935235890137397,-0.058452530752785004,0.18981265742623998,3,2,0,True,False
B_COMPLEMENT_NB,C_RIDGE,accuracy,0.04579681921454071,0.06399281481270597,-0.01282051282051283,0.1265822784810126,3,1,1,True,False
B_COMPLEMENT_NB,C_RIDGE,weighted_f1,0.006900444584061205,0.07123010735233846,-0.05970121301762399,0.09134004583918387,2,3,0,True,False
B_COMPLEMENT_NB,C_RIDGE,mean_absolute_error,-0.045602077247646935,0.13770417820222464,-0.21518987341772167,0.08974358974358976,2,2,1,False,False
B_COMPLEMENT_NB,C_COMPLEMENT_NB,quadratic_weighted_kappa,-0.03283677688128559,0.05273790535006459,-0.1227859471225839,0.01572332068378668,1,4,0,True,False
B_COMPLEMENT_NB,C_COMPLEMENT_NB,accuracy,-0.010256410256410253,0.021066252211737132,-0.038461538461538436,0.012820512820512775,1,2,2,True,False
B_COMPLEMENT_NB,C_COMPLEMENT_NB,weighted_f1,-0.018431297214669583,0.03371536836754848,-0.05768894158696597,0.018386149923348194,1,3,1,True,False
B_COMPLEMENT_NB,C_COMPLEMENT_NB,mean_absolute_error,0.03833171048360926,0.055920820697404026,-0.02564102564102555,0.12820512820512808,1,4,0,False,False
B_COMPLEMENT_NB,C_DECISION_TREE,quadratic_weighted_kappa,0.17599220149120087,0.13221871683007505,0.023684349348739975,0.35664626664465116,5,0,0,True,False
B_COMPLEMENT_NB,C_DECISION_TREE,accuracy,0.12771827328789354,0.08572372447827899,0.012658227848101278,0.2179487179487179,5,0,0,True,False
B_COMPLEMENT_NB,C_DECISION_TREE,weighted_f1,0.12880260194696286,0.11544026815570445,-0.017010259229836566,0.2779770731619142,4,1,0,True,False
B_COMPLEMENT_NB,C_DECISION_TREE,mean_absolute_error,-0.14112301200908797,0.150188609030324,-0.29487179487179493,0.03797468354430389,3,1,1,False,False
B_COMPLEMENT_NB,D_FROZEN_MINILM,quadratic_weighted_kappa,-0.030775289276559693,0.10301770526602033,-0.15877589732378328,0.08506110409730139,2,3,0,True,False
B_COMPLEMENT_NB,D_FROZEN_MINILM,accuracy,0.012820512820512808,0.023811967326961787,-0.02531645569620261,0.03846153846153849,4,1,0,True,False
B_COMPLEMENT_NB,D_FROZEN_MINILM,weighted_f1,-0.039083770839510854,0.031364505211895044,-0.08626978353569353,-0.015890553853227796,0,5,0,True,False
B_COMPLEMENT_NB,D_FROZEN_MINILM,mean_absolute_error,0.06403765011359955,0.07577940186003496,-0.025316455696202333,0.15384615384615374,1,4,0,False,False
B_COMPLEMENT_NB,E_FINETUNED_BERT,quadratic_weighted_kappa,-0.028356495139674354,0.12415331271915618,-0.1505884262709195,0.10036622497536296,2,3,0,True,False
B_COMPLEMENT_NB,E_FINETUNED_BERT,accuracy,-0.007562479714378467,0.0448757711176388,-0.05128205128205132,0.0641025641025641,1,3,1,True,False
B_COMPLEMENT_NB,E_FINETUNED_BERT,weighted_f1,-0.026729587924330854,0.049424750622295344,-0.0791989776543125,0.031784904972319505,1,4,0,True,False
B_COMPLEMENT_NB,E_FINETUNED_BERT,mean_absolute_error,0.061441090555014635,0.10123659947097867,-0.08860759493670878,0.16666666666666674,1,4,0,False,False
B_COMPLEMENT_NB,BASELINE_MOST_FREQUENT,quadratic_weighted_kappa,0.39924070420781355,0.11174316398118869,0.265037799934261,0.5345118792928725,5,0,0,True,False
B_COMPLEMENT_NB,BASELINE_MOST_FREQUENT,accuracy,0.09701395650762738,0.03566420426839961,0.03797468354430389,0.1265822784810126,5,0,0,True,False
B_COMPLEMENT_NB,BASELINE_MOST_FREQUENT,weighted_f1,0.22225330236080204,0.03353478609221896,0.17262010237964992,0.26397126764667467,5,0,0,True,False
B_COMPLEMENT_NB,BASELINE_MOST_FREQUENT,mean_absolute_error,-0.3468354430379746,0.07533549144042385,-0.44871794871794857,-0.2692307692307694,5,0,0,False,False
B_COMPLEMENT_NB,BASELINE_STRATIFIED_RANDOM,quadratic_weighted_kappa,0.31747712503080205,0.14512869369604892,0.09976367838224093,0.475881240504884,5,0,0,True,False
B_COMPLEMENT_NB,BASELINE_STRATIFIED_RANDOM,accuracy,0.14534242129178837,0.022591618674101435,0.11538461538461531,0.17721518987341772,5,0,0,True,False
B_COMPLEMENT_NB,BASELINE_STRATIFIED_RANDOM,weighted_f1,0.10710969654587987,0.009596688478894055,0.0966853329632914,0.12174327732740636,5,0,0,True,False
B_COMPLEMENT_NB,BASELINE_STRATIFIED_RANDOM,mean_absolute_error,-0.31587147030185003,0.10077155893345133,-0.430379746835443,-0.16666666666666674,5,0,0,False,False
B_DECISION_TREE,C_LOGISTIC_REGRESSION,quadratic_weighted_kappa,-0.18315158556986547,0.1030342678650939,-0.3190533976310643,-0.033331137502901675,0,5,0,True,False
B_DECISION_TREE,C_LOGISTIC_REGRESSION,accuracy,-0.11226874391431352,0.04456243100533828,-0.16666666666666657,-0.06329113924050639,0,5,0,True,False
B_DECISION_TREE,C_LOGISTIC_REGRESSION,weighted_f1,-0.16366180408586825,0.04434210509839602,-0.2322507373503578,-0.11609234459913198,0,5,0,True,False
B_DECISION_TREE,C_LOGISTIC_REGRESSION,mean_absolute_error,0.19438493995456016,0.1785935761959466,0.025316455696202667,0.41025641025641024,0,5,0,False,False
B_DECISION_TREE,C_RIDGE,quadratic_weighted_kappa,-0.15573635971832941,0.19488465570106972,-0.3486435106067477,0.1709115169776813,1,4,0,True,False
B_DECISION_TREE,C_RIDGE,accuracy,-0.08438818565400844,0.04870915253244912,-0.1538461538461538,-0.03797468354430378,0,5,0,True,False
B_DECISION_TREE,C_RIDGE,weighted_f1,-0.13738014738335613,0.07330046974382375,-0.2220138911674063,-0.04718859850975049,0,5,0,True,False
B_DECISION_TREE,C_RIDGE,mean_absolute_error,0.1386238234339499,0.24380384187870316,-0.21518987341772167,0.41025641025641024,1,4,0,False,False
B_DECISION_TREE,C_COMPLEMENT_NB,quadratic_weighted_kappa,-0.23963197336379646,0.11770578072543199,-0.3409229459608645,-0.03974114316071259,0,5,0,True,False
B_DECISION_TREE,C_COMPLEMENT_NB,accuracy,-0.1404414151249594,0.056658097606461344,-0.20512820512820512,-0.06329113924050639,0,5,0,True,False
B_DECISION_TREE,C_COMPLEMENT_NB,weighted_f1,-0.16271188918208693,0.07403361407939361,-0.25959092323856603,-0.09195109046605893,0,5,0,True,False
B_DECISION_TREE,C_COMPLEMENT_NB,mean_absolute_error,0.22255761116520612,0.14465161570766666,0.025316455696202667,0.3717948717948717,0,5,0,False,False
B_DECISION_TREE,C_DECISION_TREE,quadratic_weighted_kappa,-0.03080299499130998,0.05752786310572406,-0.13112254865128858,0.004783208900181302,1,2,2,True,False
B_DECISION_TREE,C_DECISION_TREE,accuracy,-0.0024667315806556124,0.028943742073176692,-0.05063291139240511,0.025641025641025716,2,1,2,True,False
B_DECISION_TREE,C_DECISION_TREE,weighted_f1,-0.015477990020454501,0.05324335315174071,-0.10896134969589549,0.024904557483742984,2,1,2,True,False
B_DECISION_TREE,C_DECISION_TREE,mean_absolute_error,0.04310288867250889,0.0827950510199744,0.0,0.1898734177215189,0,2,3,False,False
B_DECISION_TREE,D_FROZEN_MINILM,quadratic_weighted_kappa,-0.23757048575907053,0.17461361197356137,-0.40099501570246976,0.027995305237898616,1,4,0,True,False
B_DECISION_TREE,D_FROZEN_MINILM,accuracy,-0.11736449204803634,0.08335686686201776,-0.20512820512820512,-0.025641025641025605,0,5,0,True,False
B_DECISION_TREE,D_FROZEN_MINILM,weighted_f1,-0.1833643628069282,0.09302347948555942,-0.29647660032275425,-0.06876506684199002,0,5,0,True,False
B_DECISION_TREE,D_FROZEN_MINILM,mean_absolute_error,0.2482635507951964,0.17118523987345638,0.05063291139240511,0.4487179487179488,0,5,0,False,False
B_DECISION_TREE,E_FINETUNED_BERT,quadratic_weighted_kappa,-0.23515169162218524,0.1417944548230055,-0.4407794061248822,-0.06090701692289896,0,5,0,True,False
B_DECISION_TREE,E_FINETUNED_BERT,accuracy,-0.13774748458292763,0.09539315810093352,-0.2179487179487179,0.0,0,4,1,True,False
B_DECISION_TREE,E_FINETUNED_BERT,weighted_f1,-0.17101017989174822,0.10951509538945109,-0.2820711896798853,-0.018848568738077387,0,5,0,True,False
B_DECISION_TREE,E_FINETUNED_BERT,mean_absolute_error,0.24566699123661148,0.16898527754706036,0.06329113924050622,0.4871794871794872,0,5,0,False,False
B_DECISION_TREE,BASELINE_MOST_FREQUENT,quadratic_weighted_kappa,0.19244550772530272,0.14262716842200723,0.0152152800258982,0.4104477611940298,5,0,0,True,False
B_DECISION_TREE,BASELINE_MOST_FREQUENT,accuracy,-0.03317104836092176,0.04586863525090422,-0.10256410256410259,0.02564102564102566,1,4,0,True,False
B_DECISION_TREE,BASELINE_MOST_FREQUENT,weighted_f1,0.0779727103933847,0.06286934565956087,-0.0140058055152395,0.1610782380013149,4,1,0,True,False
B_DECISION_TREE,BASELINE_MOST_FREQUENT,mean_absolute_error,-0.16260954235637776,0.17269702331387288,-0.3924050632911392,0.03846153846153855,4,1,0,False,False
B_DECISION_TREE,BASELINE_STRATIFIED_RANDOM,quadratic_weighted_kappa,0.11068192854829126,0.21057207932034094,-0.04077943657007632,0.45698010005632533,2,3,0,True,False
B_DECISION_TREE,BASELINE_STRATIFIED_RANDOM,accuracy,0.015157416423239234,0.07311073993838288,-0.10256410256410259,0.07692307692307698,4,1,0,True,False
B_DECISION_TREE,BASELINE_STRATIFIED_RANDOM,weighted_f1,-0.03717089542153747,0.0901241663076563,-0.1812917401986228,0.05107739873218292,2,3,0,True,False
B_DECISION_TREE,BASELINE_STRATIFIED_RANDOM,mean_absolute_error,-0.13164556962025314,0.20688086118885773,-0.430379746835443,0.07692307692307687,3,2,0,False,False
C_LOGISTIC_REGRESSION,C_RIDGE,quadratic_weighted_kappa,0.02741522585153605,0.09949269394670544,-0.029590112975683425,0.20424265448058299,2,3,0,True,False
C_LOGISTIC_REGRESSION,C_RIDGE,accuracy,0.027880558260305065,0.051796675427004196,-0.025641025641025716,0.11392405063291139,4,1,0,True,False
C_LOGISTIC_REGRESSION,C_RIDGE,weighted_f1,0.026281656702512125,0.052831186938789465,-0.028581546240493305,0.1142288613695816,4,1,0,True,False
C_LOGISTIC_REGRESSION,C_RIDGE,mean_absolute_error,-0.05576111652061024,0.10500079760148694,-0.24050632911392433,0.012820512820512775,3,1,1,False,False
C_LOGISTIC_REGRESSION,C_COMPLEMENT_NB,quadratic_weighted_kappa,-0.056480387793930976,0.060451047526052674,-0.1288234521237051,0.017804661883055184,1,4,0,True,False
C_LOGISTIC_REGRESSION,C_COMPLEMENT_NB,accuracy,-0.028172671210645893,0.04916733858206895,-0.11538461538461542,0.0,0,3,2,True,False
C_LOGISTIC_REGRESSION,C_COMPLEMENT_NB,weighted_f1,0.0009499149037813348,0.050350708444528415,-0.08639177878818022,0.04339824368407469,4,1,0,True,False
C_LOGISTIC_REGRESSION,C_COMPLEMENT_NB,mean_absolute_error,0.02817267121064595,0.07607181434245507,-0.05128205128205132,0.15384615384615397,1,3,1,False,False
C_LOGISTIC_REGRESSION,C_DECISION_TREE,quadratic_weighted_kappa,0.1523485905785555,0.10509885483819573,0.03811434640308298,0.2913777624256217,5,0,0,True,False
C_LOGISTIC_REGRESSION,C_DECISION_TREE,accuracy,0.1098020123336579,0.0707935153130102,0.012658227848101278,0.1923076923076923,5,0,0,True,False
C_LOGISTIC_REGRESSION,C_DECISION_TREE,weighted_f1,0.14818381406541375,0.08479484995855395,0.026387984454238123,0.2571552948341008,5,0,0,True,False
C_LOGISTIC_REGRESSION,C_DECISION_TREE,mean_absolute_error,-0.15128205128205127,0.1970149056184418,-0.3846153846153847,0.025316455696202556,4,1,0,False,False
C_LOGISTIC_REGRESSION,D_FROZEN_MINILM,quadratic_weighted_kappa,-0.054418900189205074,0.09465783589613852,-0.16080083580175858,0.06132644274080029,2,3,0,True,False
C_LOGISTIC_REGRESSION,D_FROZEN_MINILM,accuracy,-0.005095748133722833,0.07220665552236767,-0.11538461538461542,0.0641025641025641,3,2,0,True,False
C_LOGISTIC_REGRESSION,D_FROZEN_MINILM,weighted_f1,-0.019702558721059936,0.07149692666768442,-0.12327745587236844,0.04732727775714196,3,2,0,True,False
C_LOGISTIC_REGRESSION,D_FROZEN_MINILM,mean_absolute_error,0.053878610840636235,0.08464612104809888,-0.03797468354430367,0.1923076923076924,1,4,0,False,False
C_LOGISTIC_REGRESSION,E_FINETUNED_BERT,quadratic_weighted_kappa,-0.052000106052319736,0.06431664092722741,-0.12172600849381793,0.03859036757118517,1,4,0,True,False
C_LOGISTIC_REGRESSION,E_FINETUNED_BERT,accuracy,-0.025478740668614108,0.07846339960789994,-0.1282051282051282,0.0897435897435897,1,4,0,True,False
C_LOGISTIC_REGRESSION,E_FINETUNED_BERT,weighted_f1,-0.0073483758058799364,0.08028087990084877,-0.1088720452294995,0.0972437758610546,2,3,0,True,False
C_LOGISTIC_REGRESSION,E_FINETUNED_BERT,mean_absolute_error,0.05128205128205132,0.1122765154018184,-0.10126582278481011,0.1923076923076924,2,3,0,False,False
C_LOGISTIC_REGRESSION,BASELINE_MOST_FREQUENT,quadratic_weighted_kappa,0.37559709329516816,0.054793544931947574,0.3070463672873311,0.4437788986969315,5,0,0,True,False
C_LOGISTIC_REGRESSION,BASELINE_MOST_FREQUENT,accuracy,0.07909769555339174,0.06423539743930998,-0.012820512820512886,0.14102564102564097,4,1,0,True,False
C_LOGISTIC_REGRESSION,BASELINE_MOST_FREQUENT,weighted_f1,0.24163451447925297,0.05528305086216442,0.15919333893514628,0.29886712749615973,5,0,0,True,False
C_LOGISTIC_REGRESSION,BASELINE_MOST_FREQUENT,mean_absolute_error,-0.35699448231093794,0.05439420924332624,-0.4177215189873419,-0.26923076923076905,5,0,0,False,False
C_LOGISTIC_REGRESSION,BASELINE_STRATIFIED_RANDOM,quadratic_weighted_kappa,0.2938335141181567,0.14246344217116536,0.141772245735311,0.490311237559227,5,0,0,True,False
C_LOGISTIC_REGRESSION,BASELINE_STRATIFIED_RANDOM,accuracy,0.12742616033755275,0.07974580175305887,-0.012820512820512886,0.1794871794871794,4,1,0,True,False
C_LOGISTIC_REGRESSION,BASELINE_STRATIFIED_RANDOM,weighted_f1,0.1264909086643308,0.07613429661039141,-0.008092595748237008,0.17483883021204843,4,1,0,True,False
C_LOGISTIC_REGRESSION,BASELINE_STRATIFIED_RANDOM,mean_absolute_error,-0.3260305095748134,0.1232539675329694,-0.45569620253164567,-0.14102564102564086,5,0,0,False,False
C_RIDGE,C_COMPLEMENT_NB,quadratic_weighted_kappa,-0.08389561364546702,0.09230976894463544,-0.2106526601383939,0.04739477485873861,1,4,0,True,False
C_RIDGE,C_COMPLEMENT_NB,accuracy,-0.05605322947095096,0.050425808563072945,-0.1265822784810126,-0.012658227848101278,0,5,0,True,False
C_RIDGE,C_COMPLEMENT_NB,weighted_f1,-0.025331741798730788,0.04930183193401976,-0.09344975048053411,0.02857322569449977,2,3,0,True,False
C_RIDGE,C_COMPLEMENT_NB,mean_absolute_error,0.08393378773125619,0.11167702605416044,-0.05128205128205132,0.24050632911392433,1,4,0,False,False
C_RIDGE,C_DECISION_TREE,quadratic_weighted_kappa,0.12493336472701944,0.18823366372068284,-0.1661283080775,0.3209678754013051,4,1,0,True,False
C_RIDGE,C_DECISION_TREE,accuracy,0.08192145407335283,0.06827602859139295,0.0,0.17948717948717952,4,0,1,True,False
C_RIDGE,C_DECISION_TREE,weighted_f1,0.12190215736290162,0.09939500561004816,0.011562966464663205,0.24691844865114929,5,0,0,True,False
C_RIDGE,C_DECISION_TREE,mean_absolute_error,-0.09552093476144104,0.24809794112407207,-0.3846153846153847,0.21518987341772167,3,2,0,False,False
C_RIDGE,D_FROZEN_MINILM,quadratic_weighted_kappa,-0.08183412604074113,0.07007807764679708,-0.1429162117397827,0.0256116974301,1,4,0,True,False
C_RIDGE,D_FROZEN_MINILM,accuracy,-0.0329763063940279,0.08364648273649734,-0.15189873417721522,0.03846153846153849,3,2,0,True,False
C_RIDGE,D_FROZEN_MINILM,weighted_f1,-0.04598421542357206,0.08777696820678256,-0.1776098293748774,0.026628173546196066,3,2,0,True,False
C_RIDGE,D_FROZEN_MINILM,mean_absolute_error,0.10963972736124647,0.11505126706727706,-0.025316455696202333,0.2658227848101268,1,4,0,False,False
C_RIDGE,E_FINETUNED_BERT,quadratic_weighted_kappa,-0.07941533190385579,0.10094735397312876,-0.23181853390058027,0.03811322484423357,1,4,0,True,False
C_RIDGE,E_FINETUNED_BERT,accuracy,-0.05335929892891918,0.08601114254737863,-0.1645569620253165,0.0641025641025641,1,4,0,True,False
C_RIDGE,E_FINETUNED_BERT,weighted_f1,-0.03363003250839206,0.09569908310363237,-0.17053902349349637,0.0765446716501087,2,3,0,True,False
C_RIDGE,E_FINETUNED_BERT,mean_absolute_error,0.10704316780266157,0.16290992939912843,-0.08860759493670878,0.34177215189873444,1,4,0,False,False
C_RIDGE,BASELINE_MOST_FREQUENT,quadratic_weighted_kappa,0.34818186744363216,0.07061304061569695,0.2395362442163485,0.4133654839820875,5,0,0,True,False
C_RIDGE,BASELINE_MOST_FREQUENT,accuracy,0.051217137293086676,0.05518101918609192,0.0,0.1282051282051282,4,0,1,True,False
C_RIDGE,BASELINE_MOST_FREQUENT,weighted_f1,0.21535285777674087,0.05766416200410781,0.1426943159312057,0.2886302813132082,5,0,0,True,False
C_RIDGE,BASELINE_MOST_FREQUENT,mean_absolute_error,-0.30123336579032767,0.07648723344350328,-0.3717948717948717,-0.17721518987341756,5,0,0,False,False
C_RIDGE,BASELINE_STRATIFIED_RANDOM,quadratic_weighted_kappa,0.2664182882666207,0.08805379108170522,0.15642542321277508,0.3588442966017702,5,0,0,True,False
C_RIDGE,BASELINE_STRATIFIED_RANDOM,accuracy,0.09954560207724768,0.0649432545195396,0.01282051282051283,0.16666666666666663,5,0,0,True,False
C_RIDGE,BASELINE_STRATIFIED_RANDOM,weighted_f1,0.10020925196181865,0.0689670120234609,0.020488950492256297,0.16460198402909693,5,0,0,True,False
C_RIDGE,BASELINE_STRATIFIED_RANDOM,mean_absolute_error,-0.2702693930542031,0.10054988831065656,-0.3797468354430379,-0.15384615384615363,5,0,0,False,False
C_COMPLEMENT_NB,C_DECISION_TREE,quadratic_weighted_kappa,0.20882897837248646,0.11565249168345074,0.04452435206089389,0.3409229459608645,5,0,0,True,False
C_COMPLEMENT_NB,C_DECISION_TREE,accuracy,0.13797468354430378,0.08055993413754269,0.012658227848101278,0.20512820512820512,5,0,0,True,False
C_COMPLEMENT_NB,C_DECISION_TREE,weighted_f1,0.14723389916163243,0.11318451318801305,-0.017010259229836566,0.25959092323856603,4,1,0,True,False
C_COMPLEMENT_NB,C_DECISION_TREE,mean_absolute_error,-0.17945472249269723,0.17416899260557017,-0.3717948717948717,0.012658227848101222,4,1,0,False,False
C_COMPLEMENT_NB,D_FROZEN_MINILM,quadratic_weighted_kappa,0.0020614876047258977,0.08514226549299288,-0.09974627995446067,0.11028460345873181,2,3,0,True,False
C_COMPLEMENT_NB,D_FROZEN_MINILM,accuracy,0.02307692307692306,0.038780064687563585,-0.02531645569620261,0.07692307692307693,3,1,1,True,False
C_COMPLEMENT_NB,D_FROZEN_MINILM,weighted_f1,-0.020652473624841274,0.04366936487239074,-0.0841600788943433,0.03261239663678678,2,3,0,True,False
C_COMPLEMENT_NB,D_FROZEN_MINILM,mean_absolute_error,0.025705939629990283,0.05022773641277122,-0.050632911392405,0.08974358974358987,1,4,0,False,False
C_COMPLEMENT_NB,E_FINETUNED_BERT,quadratic_weighted_kappa,0.004480281741611236,0.10325852787287017,-0.1395306703768731,0.12278613087286538,2,3,0,True,False
C_COMPLEMENT_NB,E_FINETUNED_BERT,accuracy,0.002693930542031786,0.05680502595150016,-0.03797468354430389,0.10256410256410253,1,4,0,True,False
C_COMPLEMENT_NB,E_FINETUNED_BERT,weighted_f1,-0.00829829070966127,0.05773266803906495,-0.07708927301296226,0.08252889474069941,1,4,0,True,False
C_COMPLEMENT_NB,E_FINETUNED_BERT,mean_absolute_error,0.023109380071405373,0.09994795360614142,-0.11392405063291144,0.1282051282051283,2,3,0,False,False
C_COMPLEMENT_NB,BASELINE_MOST_FREQUENT,quadratic_weighted_kappa,0.43207748108909916,0.08093457202446026,0.3164640157739073,0.5187885586090858,5,0,0,True,False
C_COMPLEMENT_NB,BASELINE_MOST_FREQUENT,accuracy,0.10727036676403764,0.041154201932624535,0.03797468354430389,0.14102564102564097,5,0,0,True,False
C_COMPLEMENT_NB,BASELINE_MOST_FREQUENT,weighted_f1,0.2406845995754716,0.04260653224162993,0.17262010237964992,0.28661800988255015,5,0,0,True,False
C_COMPLEMENT_NB,BASELINE_MOST_FREQUENT,mean_absolute_error,-0.3851671535215838,0.04229206785994877,-0.423076923076923,-0.3205128205128204,5,0,0,False,False
C_COMPLEMENT_NB,BASELINE_STRATIFIED_RANDOM,quadratic_weighted_kappa,0.35031390191208767,0.11485498369853599,0.22254962550482482,0.4967212432170379,5,0,0,True,False
C_COMPLEMENT_NB,BASELINE_STRATIFIED_RANDOM,accuracy,0.15559883154819862,0.0342375910518751,0.10256410256410253,0.17948717948717952,5,0,0,True,False
C_COMPLEMENT_NB,BASELINE_STRATIFIED_RANDOM,weighted_f1,0.12554099376054945,0.03375494764946819,0.07829918303994321,0.1625897125984389,5,0,0,True,False
C_COMPLEMENT_NB,BASELINE_STRATIFIED_RANDOM,mean_absolute_error,-0.3542031807854592,0.07256557615795392,-0.45569620253164567,-0.2948717948717948,5,0,0,False,False
C_DECISION_TREE,D_FROZEN_MINILM,quadratic_weighted_kappa,-0.20676749076776058,0.18852092998715722,-0.3733193804970272,0.023212096337717314,1,4,0,True,False
C_DECISION_TREE,D_FROZEN_MINILM,accuracy,-0.11489776046738073,0.10195035945938588,-0.20512820512820512,0.012658227848101333,1,4,0,True,False
C_DECISION_TREE,D_FROZEN_MINILM,weighted_f1,-0.1678863727864737,0.12721582812461174,-0.29647660032275425,0.0011197053766087706,1,4,0,True,False
C_DECISION_TREE,D_FROZEN_MINILM,mean_absolute_error,0.2051606621226875,0.21246528697397746,-0.06329113924050622,0.42307692307692324,1,4,0,False,False
C_DECISION_TREE,E_FINETUNED_BERT,quadratic_weighted_kappa,-0.20434869663087527,0.1595347480507107,-0.4131037709194396,-0.023213500126761433,0,5,0,True,False
C_DECISION_TREE,E_FINETUNED_BERT,accuracy,-0.135280753002272,0.11230147060170653,-0.217948717948718,0.0,0,4,1,True,False
C_DECISION_TREE,E_FINETUNED_BERT,weighted_f1,-0.1555321898712937,0.1410771780555197,-0.2820711896798853,0.01248206511064237,1,4,0,True,False
C_DECISION_TREE,E_FINETUNED_BERT,mean_absolute_error,0.2025641025641026,0.22277543314893297,-0.12658227848101267,0.4615384615384617,1,4,0,False,False
C_DECISION_TREE,BASELINE_MOST_FREQUENT,quadratic_weighted_kappa,0.22324850271661267,0.14774641912797973,0.0428909152313408,0.4056645522938485,5,0,0,True,False
C_DECISION_TREE,BASELINE_MOST_FREQUENT,accuracy,-0.03070431678026615,0.05544714919356247,-0.10256410256410259,0.02564102564102566,2,3,0,True,False
C_DECISION_TREE,BASELINE_MOST_FREQUENT,weighted_f1,0.09345070041383921,0.0837691636304063,-0.0140058055152395,0.1896303616094865,4,1,0,True,False
C_DECISION_TREE,BASELINE_MOST_FREQUENT,mean_absolute_error,-0.20571243102888664,0.19154579234054844,-0.3924050632911392,0.012820512820512997,4,1,0,False,False
C_DECISION_TREE,BASELINE_STRATIFIED_RANDOM,quadratic_weighted_kappa,0.14148492353960124,0.2208356095764502,-0.04077943657007632,0.45219689115614403,3,2,0,True,False
C_DECISION_TREE,BASELINE_STRATIFIED_RANDOM,accuracy,0.017624148003894845,0.08813475578369043,-0.10256410256410259,0.12658227848101272,2,2,1,True,False
C_DECISION_TREE,BASELINE_STRATIFIED_RANDOM,weighted_f1,-0.021692905401082967,0.11906894672763593,-0.1812917401986228,0.1275184882144854,2,3,0,True,False
C_DECISION_TREE,BASELINE_STRATIFIED_RANDOM,mean_absolute_error,-0.17474845829276203,0.23792226162787727,-0.430379746835443,0.07692307692307687,3,2,0,False,False
D_FROZEN_MINILM,E_FINETUNED_BERT,quadratic_weighted_kappa,0.0024187941368853383,0.0764030050711707,-0.08890232216079758,0.11662028796962975,3,2,0,True,False
D_FROZEN_MINILM,E_FINETUNED_BERT,accuracy,-0.020382992534891276,0.03337642082588134,-0.0641025641025641,0.025641025641025605,1,4,0,True,False
D_FROZEN_MINILM,E_FINETUNED_BERT,weighted_f1,0.012354182915180001,0.025275867629586623,-0.020984159786296197,0.04991649810391263,4,1,0,True,False
D_FROZEN_MINILM,E_FINETUNED_BERT,mean_absolute_error,-0.00259655955858491,0.061904750878197176,-0.06410256410256421,0.07594936708860767,2,2,1,False,False
D_FROZEN_MINILM,BASELINE_MOST_FREQUENT,quadratic_weighted_kappa,0.4300159934843732,0.07053341419636276,0.3768375761921835,0.5507659422871393,5,0,0,True,False
D_FROZEN_MINILM,BASELINE_MOST_FREQUENT,accuracy,0.08419344368711458,0.053524329586349104,0.012658227848101278,0.15189873417721522,5,0,0,True,False
D_FROZEN_MINILM,BASELINE_MOST_FREQUENT,weighted_f1,0.26133707320031285,0.05197565094678279,0.18851065623287772,0.3203041453060831,5,0,0,True,False
D_FROZEN_MINILM,BASELINE_MOST_FREQUENT,mean_absolute_error,-0.41087309315157416,0.05627059126892525,-0.46153846153846145,-0.31645569620253156,5,0,0,False,False
D_FROZEN_MINILM,BASELINE_STRATIFIED_RANDOM,quadratic_weighted_kappa,0.34825241430736187,0.06454163854445405,0.2585395757060242,0.4289847948184267,5,0,0,True,False
D_FROZEN_MINILM,BASELINE_STRATIFIED_RANDOM,accuracy,0.1325219084712756,0.04217373987938238,0.10256410256410253,0.20253164556962033,5,0,0,True,False
D_FROZEN_MINILM,BASELINE_STRATIFIED_RANDOM,weighted_f1,0.1461934673853907,0.039065821773246835,0.11518486012413143,0.2080130608630999,5,0,0,True,False
D_FROZEN_MINILM,BASELINE_STRATIFIED_RANDOM,mean_absolute_error,-0.37990912041544955,0.06612350937710156,-0.4810126582278481,-0.3205128205128205,5,0,0,False,False
E_FINETUNED_BERT,BASELINE_MOST_FREQUENT,quadratic_weighted_kappa,0.42759719934748786,0.04184634147916428,0.3643360487780499,0.4713547781169288,5,0,0,True,False
E_FINETUNED_BERT,BASELINE_MOST_FREQUENT,accuracy,0.10457643622200585,0.06463431720795354,0.02564102564102566,0.16666666666666669,5,0,0,True,False
E_FINETUNED_BERT,BASELINE_MOST_FREQUENT,weighted_f1,0.2489828902851329,0.06658473193168098,0.17714829649884412,0.3132333394247021,5,0,0,True,False
E_FINETUNED_BERT,BASELINE_MOST_FREQUENT,mean_absolute_error,-0.4082765335929892,0.1039466856012639,-0.518987341772152,-0.2531645569620251,5,0,0,False,False
E_FINETUNED_BERT,BASELINE_STRATIFIED_RANDOM,quadratic_weighted_kappa,0.3458336201704765,0.12628337791606853,0.2155006050992119,0.5178871169792243,5,0,0,True,False
E_FINETUNED_BERT,BASELINE_STRATIFIED_RANDOM,accuracy,0.15290490100616685,0.05871267554271212,0.07692307692307698,0.2151898734177216,5,0,0,True,False
E_FINETUNED_BERT,BASELINE_STRATIFIED_RANDOM,weighted_f1,0.13383928447021073,0.05568502071054238,0.06992596747026031,0.20094225498171886,5,0,0,True,False
E_FINETUNED_BERT,BASELINE_STRATIFIED_RANDOM,mean_absolute_error,-0.3773125608568646,0.12384470145156866,-0.5569620253164558,-0.2564102564102563,5,0,0,False,False
BASELINE_MOST_FREQUENT,BASELINE_STRATIFIED_RANDOM,quadratic_weighted_kappa,-0.08176357917701145,0.10786069963099801,-0.2186450492182976,0.0465323388622955,1,4,0,True,False
BASELINE_MOST_FREQUENT,BASELINE_STRATIFIED_RANDOM,accuracy,0.048328464784160995,0.03622635353892801,0.0,0.10126582278481011,4,0,1,True,False
BASELINE_MOST_FREQUENT,BASELINE_STRATIFIED_RANDOM,weighted_f1,-0.11514360581492215,0.037565641787774,-0.1672859346833833,-0.0621118733950011,0,5,0,True,False
BASELINE_MOST_FREQUENT,BASELINE_STRATIFIED_RANDOM,mean_absolute_error,0.030963972736124612,0.07913005935710499,-0.037974683544304,0.1282051282051282,2,2,1,False,False
